internal_id,Award ID,Recipient Name,Award Amount,Total Outlays,Description,Contract Award Type,def_codes,COVID-19 Obligations,COVID-19 Outlays,Infrastructure Obligations,Infrastructure Outlays,Awarding Agency,Awarding Sub Agency,Start Date,End Date,recipient_id,prime_award_recipient_id,awarding_agency_id,agency_slug,generated_internal_id
144021844,H9240821F0021,TXT,34911037.4,,ISR SERVICES,DELIVERY ORDER,,,,,,Department of Defense,U.S. Special Operations Command,2021-09-23,2025-03-22,fcd5772b-feb1-830f-fce9-45126a639593-C,,1173,department-of-defense,CONT_AWD_H9240821F0021_9700_H9240820D0006_9700
138610806,FA869021C1000,NOC,176675103.34,,JAPAN GLOBAL HAWK CONTRACTOR LOGISTIC SUPPORT CONTRACT,DEFINITIVE CONTRACT,,,,,,Department of Defense,Defense Contract Management Agency,2021-04-29,2029-05-31,430adedd-77f0-8e45-92fd-94ff073ca686-C,,1173,department-of-defense,CONT_AWD_FA869021C1000_9700_-NONE-_-NONE-
144357879,FA821321F1006,BA,239555450.77,,JOINT DIRECT ATTACK MUNITION (JDAM),DELIVERY ORDER,['Q'],,,,,Department of Defense,Department of the Air Force,2021-09-13,2023-09-13,9ab85632-42cc-5fa4-2a9c-d734034ddd33-C,,1173,department-of-defense,CONT_AWD_FA821321F1006_9700_FA821315D0002_9700
145093074,N0038322F0W00,LMT,418132068.43,,"FIRM FIXED PRICE (FFP) PERFORMANCE BASED LOGISTICS (PBL) CONTRACT FOR SUPPLY SUPPORT OF APPROXIMATELY 1,049 WEAPON REPLACEABLE ASSEMBLIES (WRAS)&SHOP REPLACEABLE ASSEMBLIES (SRAS) ASSOCIATED WITH BOTH THE MH-60R & MH-60S.",DELIVERY ORDER,,,,,,Department of Defense,Department of the Navy,2021-10-01,2022-09-30,5ad7895c-192b-21cd-8baf-92c6dce0b593-C,,1173,department-of-defense,CONT_AWD_N0038322F0W00_9700_N0038320DW001_9700
138195870,75N98021F00002,DLH,44518027.28,35046449.12,OIT SUPPORT SERVICES,DELIVERY ORDER,['Q'],,,,,Department of Health and Human Services,National Institutes of Health,2021-07-09,2025-01-25,7dc5787c-1843-acc0-ff3f-e83c0b1341ab-C,,806,department-of-health-and-human-services,CONT_AWD_75N98021F00002_7529_HHSN316201200145W_7529
143939557,70Z02321CAC400700,LMT,36967668.05,,C4ISR SEA COMMANDER ENGINEERING SERVICES,DEFINITIVE CONTRACT,['Q'],,,,,Department of Homeland Security,U.S. Coast Guard,2021-09-16,2025-09-15,d7df489c-5a15-3e1b-e7fa-0e93eb94a166-C,,766,department-of-homeland-security,CONT_AWD_70Z02321CAC400700_7008_-NONE-_-NONE-
130218147,W15QKN21C0014,REGN,5565000000.0,,"PRODUCTION OF THERAPEUTIC IN SUPPORT OF NATIONAL EMERGENCY RESPONSE TO CORONAVIRUS 2019 (COVID-19): IN SUPPORT OF OPERATION WARP SPEED (OWS), THE GOVERNMENT IS PURCHASING UP TO 1,250,000 DOSES OF THE EMERGENCY USE AUTHORIZATION (EUA) THERAPEUTIC.",DEFINITIVE CONTRACT,,,,,,Department of Defense,Department of the Army,2021-01-12,2022-07-31,a93bbddb-f028-4591-f6f4-06210cfeb656-C,,1173,department-of-defense,CONT_AWD_W15QKN21C0014_9700_-NONE-_-NONE-
144765989,N0001921C0068,RTN,427546872.0,,LOT 14 NON-ANNUAL PROPULSION SUSTAINMENT,DEFINITIVE CONTRACT,,,,,,Department of Defense,Department of the Navy,2021-09-24,2025-07-31,62e141b3-4887-5b39-6b75-eace9326395c-C,,1173,department-of-defense,CONT_AWD_N0001921C0068_9700_-NONE-_-NONE-
144240418,47QFCA21F0057,CACI,324408431.0,-530151.32,DTRA IMAX DA,DELIVERY ORDER,['Q'],,,,,General Services Administration,Federal Acquisition Service,2021-06-30,2023-06-29,b5d927cd-b446-286a-877d-dbdc6e0d20d5-C,,614,general-services-administration,CONT_AWD_47QFCA21F0057_4732_GS00Q14OADU121_4732
142487592,N0002421C5414,SAAB,51787382.0,,DEVELOPMENT AND PRODUCTION OF MK 9 TRACKER ILLUMINATOR SYSTEM (TIS) REPLACEMENT CONTINUOUS WAVE TRACKING ILLUMINATOR (CWTI) BASE AWARD,DEFINITIVE CONTRACT,,,,,,Department of Defense,Department of the Navy,2021-08-02,2030-03-30,7d2ce7d4-ca1b-ffed-9f57-c00e22be152e-C,,1173,department-of-defense,CONT_AWD_N0002421C5414_9700_-NONE-_-NONE-
139032517,SPE7MX21F6352,RTN,61926902.03,3116373.92,"8508163152!MICROCIRCUIT,DIGITA",DELIVERY ORDER,['Q'],,,,,Department of Defense,Defense Logistics Agency,2021-05-18,2030-05-17,cce9df51-3950-87f4-0b34-4353d5a08f32-C,,1173,department-of-defense,CONT_AWD_SPE7MX21F6352_9700_SPRBL115D0017_9700
128699527,36C10B21C0009,MMM,48826573.1,11831009.0,HICBA ENCODER SOFTWARE AND ASSOCIATED SUPPORT,DEFINITIVE CONTRACT,['Q'],,,,,Department of Veterans Affairs,Department of Veterans Affairs,2021-03-22,2024-12-18,b0c565ea-9f7c-3496-3550-1a39cb057302-C,,561,department-of-veterans-affairs,CONT_AWD_36C10B21C0009_3600_-NONE-_-NONE-
140470587,70CMSW21FR0000117,MSI,39371926.13,23332847.39,DESIGN AND ENGINEERING IMPLEMENTATION PHASE II,DELIVERY ORDER,"['C', 'Q']",,,,,Department of Homeland Security,U.S. Immigration and Customs Enforcement,2021-09-29,2024-09-27,0ec2982e-1af5-7c07-1267-43ca6833f333-C,,766,department-of-homeland-security,CONT_AWD_70CMSW21FR0000117_7012_70B04C19D00000010_7014
138581300,HR001121C0058,AVAV,29808493.0,,DARPA RESEARCH PROJECT.,DEFINITIVE CONTRACT,['Q'],,,,,Department of Defense,Defense Advanced Research Projects Agency,2021-04-28,2024-08-31,e81133c0-b7fc-c8d2-33d3-c9e6288946d0-C,,1173,department-of-defense,CONT_AWD_HR001121C0058_9700_-NONE-_-NONE-
144822373,N0001921F0886,BA,308152502.56,,MISSILE NRE,DELIVERY ORDER,,,,,,Department of Defense,Department of the Navy,2021-09-30,2026-08-31,9ab85632-42cc-5fa4-2a9c-d734034ddd33-C,,1173,department-of-defense,CONT_AWD_N0001921F0886_9700_N0001921G0006_9700
131450181,HQ085721F8700,J,65043738.28,38050330.23,"PROVIDE DESIGN AND IMPLEMENTATION CLASSIFIED AND UNCLASSIFIED NETWORK INFRASTRUCTURE. IT PROJECTS PROVIDES COMPUTER NETWORK DEFENSE, IA, SVC DESK, PORTAL SVCS, BUSINESS AUTOMATION TOOLS, & IT IMPLEMENTATION SVCS FOR MDA 2LTR PROJECT REQUESTS.",DELIVERY ORDER,['Q'],,,,,Department of Defense,Missile Defense Agency,2021-01-21,2023-10-13,64d116c0-8e36-0200-3878-827560dca24a-C,,1173,department-of-defense,CONT_AWD_HQ085721F8700_9700_HQ079617D0001_9700
134103705,W31P4Q21F0028,RTN,34528231.09,,ENGINEERING SERVICES AND HARDWARE IN SUPPORT OF RADAR INTERFACE UNITS- A-KITS . TO 2,DELIVERY ORDER,['Q'],,,,,Department of Defense,Department of the Army,2021-02-26,2024-06-28,7f9e7103-3142-a723-e31a-2dc167d29391-C,,1173,department-of-defense,CONT_AWD_W31P4Q21F0028_9700_W31P4Q20D0019_9700
140774938,SPRPA121FLB00,BA,34009788.0,,"ACTUATOR,MECHANICAL",DELIVERY ORDER,,,,,,Department of Defense,Defense Logistics Agency,2021-07-19,2024-04-15,241d908a-e5e9-f275-b625-6b1f76859002-C,,1173,department-of-defense,CONT_AWD_SPRPA121FLB00_9700_SPRPA114D002U_9700
137378160,W31P4Q21F0147,LMT,1145595045.39,28771372.32,GUIDED MULTIPLE LAUNCH ROCKET SYSTEM (GMLRS) AND LOW COST REDUCED RANGE PRACTICE ROCKET (LCRRPR) FY 21 FULL RATE PRODUCTION DELIVERY ORDER,DELIVERY ORDER,['Q'],,,,,Department of Defense,Department of the Army,2021-03-26,2025-07-31,779b3e3e-364f-7cbc-28a4-a2b4484b86f4-C,,1173,department-of-defense,CONT_AWD_W31P4Q21F0147_9700_W31P4Q21D0003_9700
137367269,75FCMC21F0047,CGI,59658261.32,43533053.15,THE MARX SYSTEM IS ONE OF THE MEDICARE ENROLLMENT AND PAYMENT SYSTEMS AND IS THE PRIMARY INTERFACE FOR PLAN SPONSOR ORGANIZATIONS AND IS THE SOURCE FOR THE ENROLLMENT AND DISENROLLMENT INFORMATION ON THE CME TABLES. THE MARX SYSTEM PROCESSES BENEFICI,DELIVERY ORDER,['Q'],,,,,Department of Health and Human Services,Centers for Medicare and Medicaid Services,2021-08-01,2025-07-31,d86df7af-f6c1-a07a-ccc4-ec74331bafc5-C,,806,department-of-health-and-human-services,CONT_AWD_75FCMC21F0047_7530_GS35F281DA_4732
138988716,FA865021F2412,BA,42247314.0,,HYFLY2,DELIVERY ORDER,['Q'],,,,,Department of Defense,Department of the Air Force,2021-05-17,2024-12-27,440c5531-5760-e915-88d4-e4c4e69010d1-C,,1173,department-of-defense,CONT_AWD_FA865021F2412_9700_FA865019D2055_9700
137296713,N0001921C0018,RTN,29230441.94,,TCS BASELINE DEVELOPMENT,DEFINITIVE CONTRACT,,,,,,Department of Defense,Department of the Navy,2021-03-24,2026-03-24,4a228748-a256-002e-de46-4dd145e98dfe-C,,1173,department-of-defense,CONT_AWD_N0001921C0018_9700_-NONE-_-NONE-
140468796,2032H521F00860,ACN,36621879.41,36621879.41,TASK ORDER 0020 - PORTAL SECURITY SERVICES,DELIVERY ORDER,"['Q', 'V']",205537.51,205537.51,,,Department of the Treasury,Internal Revenue Service,2021-09-29,2024-01-31,d41a6b8a-9d6a-0d28-7e24-989e31731aad-C,,456,department-of-the-treasury,CONT_AWD_2032H521F00860_2050_TIRNO17D00004_2050
138634767,HT003821F0014,LDOS,29326913.4,167708.19,SITE DEPLOYMENT OF MHS GENESIS TO IDENTIFIED MILITARY TREATMENT FACILITIES LOCATED IN GEORGIA.,DELIVERY ORDER,['Q'],,,,,Department of Defense,Defense Health Agency,2021-07-01,2023-04-30,5ddb264f-234b-872c-2571-4731fde123c6-C,,1173,department-of-defense,CONT_AWD_HT003821F0014_9700_N0003915D0044_9700
136897864,W56HZV21F0135,HON,53970051.52,821551.15,TOTAL INTEGRATED ENGINE REVITALIZATION (TIGER) PROGRAM.  DELIVERY ORDER YEAR 1 DELIVERY ORDER NUMBER 2 HARDWARE.,DELIVERY ORDER,['Q'],,,,,Department of Defense,Department of the Army,2021-03-12,2022-10-31,360760cb-a2ed-6aa4-2d81-a7909557d12c-C,,1173,department-of-defense,CONT_AWD_W56HZV21F0135_9700_W56HZV20D0062_9700
125351061,693KA821F00083,T,40202738.34,21672470.43,EIS TASK ORDER 693KA8-21-F-000083 - MASTER CONTRACT # GS00Q17NSD3000. VENDOR IS AT&T.  FOR THE TRANSITION OF TELECOMMUNICATION SERVICES (PRIMARILY) FROM THE GSA NETWORX PROGRAM TO THE NEW EIS PROGRAM. THE FAA SCOPE OF WORK.,DELIVERY ORDER,['Q'],,,,,Department of Transportation,Federal Aviation Administration,2021-02-16,2025-07-31,d96f3486-0fa5-045a-5da7-9cffc0b4a114-C,,731,department-of-transportation,CONT_AWD_693KA821F00083_6920_GS00Q17NSD3000_4732
140813726,W56HZV21F0329,OSK,174135089.61,,ORDER OF 541 A2 FMTV TRUCKS.,DELIVERY ORDER,['Q'],,,,,Department of Defense,Department of the Army,2021-07-20,2025-10-31,5c99e12d-99a6-52a3-d019-34a3855a6ed7-C,,1173,department-of-defense,CONT_AWD_W56HZV21F0329_9700_W56HZV18D0010_9700
129026584,70Z04421F21002700,GD,187979173.0,,R21 COASTAL SUSTAINMENT SERVICES FIRM FIXED PRIC TASK ORDER,DELIVERY ORDER,['Q'],,,,,Department of Homeland Security,U.S. Coast Guard,2021-04-01,2025-03-31,f09ed3a7-cbd4-f4d6-046d-eb0780590412-C,,766,department-of-homeland-security,CONT_AWD_70Z04421F21002700_7008_70Z04421D21000600_7008
155481209,N0001922F2598,RTN,330007223.13,,INITIAL SPARES FY22,DELIVERY ORDER,,,,,,Department of Defense,Department of the Navy,2021-09-03,2025-12-31,62e141b3-4887-5b39-6b75-eace9326395c-C,,1173,department-of-defense,CONT_AWD_N0001922F2598_9700_N0001920D0013_9700
139291070,80MSFC21CA001,LMT,69721101.0,62721101.0,TIPPING POINT CRYOGENIC DEMONSTRATION MISSION (CDM) DELIVER GROUND AND MISSION DATA TO CHARACTERIZE FULL-SCALE CRYOGENIC INTEGRATED SYSTEM PERFORMANCE.,DEFINITIVE CONTRACT,['Q'],,,,,National Aeronautics and Space Administration,National Aeronautics and Space Administration,2021-08-06,2025-04-16,6e7a895c-aa57-8600-2a8a-4e237f6213f6-C,,862,national-aeronautics-and-space-administration,CONT_AWD_80MSFC21CA001_8000_-NONE-_-NONE-
144965385,N6134021C0039,BA,31186168.0,,"THE T-45C VIRTUAL MISSION TRAINING SYSTEM OPERATIONAL FLIGHT TRAINER MODIFICATION (T-45C VMTS OFT MOD) CONTRACT IS FOR THE MODIFICATION AND UPGRADE OF THE SIX (6) OFTS LOCATED AT NAVAL AIR STATION (NAS) PENSACOLA, FLORIDA.",DEFINITIVE CONTRACT,,,,,,Department of Defense,Department of the Navy,2021-09-30,2025-09-30,241d908a-e5e9-f275-b625-6b1f76859002-C,,1173,department-of-defense,CONT_AWD_N6134021C0039_9700_-NONE-_-NONE-
133631053,N0001921C0004,RTN,186186638.0,,PROCUREMENT OF APY-10 RADAR SYSTEMS.,DEFINITIVE CONTRACT,,,,,,Department of Defense,Defense Contract Management Agency,2021-02-19,2024-02-28,f5a16ae3-dea9-9665-e3ae-4580e21e57fc-C,,1173,department-of-defense,CONT_AWD_N0001921C0004_9700_-NONE-_-NONE-
144968345,FA862021F4707,BAESY,54047647.0,,BIG SAFARI,DELIVERY ORDER,,,,,,Department of Defense,Department of the Air Force,2021-09-30,2025-10-31,cdc6b956-a9c8-8548-7902-4512c9ccb343-C,,1173,department-of-defense,CONT_AWD_FA862021F4707_9700_FA862021G4028_9700
144822154,FA852521F0037,LMT,31437066.93,,C-5 SOFTWARE UPDATES,DELIVERY ORDER,,,,,,Department of Defense,Department of the Air Force,2021-09-30,2024-12-01,4051d253-67f0-30bd-2c7f-5eb539533924-C,,1173,department-of-defense,CONT_AWD_FA852521F0037_9700_FA852518D0001_9700
140747314,FA807521F0068,BAH,49600064.41,10948244.57,TECHNOLOGY INTEGRATION AND ASSESSMENT- PHASE I RESEARCH AND DEVELOPMENT FOR UNITED STATES NORTHERN COMMAND & NORTH AMERICAN AEROSPACE DEFENSE COMMAND,DELIVERY ORDER,['Q'],,,,,Department of Defense,Department of the Air Force,2021-07-16,2026-07-18,ffca72e5-fba2-798a-6969-2a6c45e9f985-C,,1173,department-of-defense,CONT_AWD_FA807521F0068_9700_FA807518D0004_9700
146888432,SPRPA122FD000,NOC,53969072.0,,"TRANSMITTER,COUNTER",DELIVERY ORDER,,,,,,Department of Defense,Defense Logistics Agency,2021-12-13,2024-07-12,75dec7b1-56eb-4770-da4b-ac736121ab61-C,,1173,department-of-defense,CONT_AWD_SPRPA122FD000_9700_SPRPA122DD001_9700
144332758,FA855321F0032,LMT,26041941.44,,PURCHASE OF C-130J CATALOG SPARES IN SUPPORT OF COMBINTED FRANCE/GERMAN FLEETS.,DELIVERY ORDER,,,,,,Department of Defense,Department of the Air Force,2021-09-10,2024-09-03,4051d253-67f0-30bd-2c7f-5eb539533924-C,,1173,department-of-defense,CONT_AWD_FA855321F0032_9700_FA855321D0001_9700
136904492,47QFDA21F0044,GD,32826805.53,,ENERGY STAR IT SUPPORT,DELIVERY ORDER,['Q'],,,,,General Services Administration,Federal Acquisition Service,2021-06-11,2025-06-10,455555be-773d-eab1-1e6b-7b94400b757e-C,,614,general-services-administration,CONT_AWD_47QFDA21F0044_4732_GS35F080CA_4732
146066824,N0003022C1025,LMT,1077137070.0,1759768.07,RESERVED,DEFINITIVE CONTRACT,['Q'],,,,,Department of Defense,Department of the Navy,2021-11-10,2027-07-31,6e7a895c-aa57-8600-2a8a-4e237f6213f6-C,,1173,department-of-defense,CONT_AWD_N0003022C1025_9700_-NONE-_-NONE-
128955553,36C24021K1004,MCK,557741949.7,,EXPRESS REPORT: PHARMACEUTICAL PRIME VENDOR (PPV)FY2021 JANUARY,DELIVERY ORDER,,,,,,Department of Veterans Affairs,Department of Veterans Affairs,2021-01-01,2021-01-31,b54de748-ee64-a1e6-546e-e7007b054797-C,,561,department-of-veterans-affairs,CONT_AWD_36C24021K1004_3600_36W79720D0001_3600
127719877,86615321C00010,LDOS,86506544.32,75863763.21,PROVIDE END USER SUPPORT SERVICES FOR DEPARTMENT OF HOUSING AND URBAN DEVELOPMENT.,DEFINITIVE CONTRACT,['Q'],,,,,Department of Housing and Urban Development,Department of Housing and Urban Development,2021-02-28,2024-02-27,b37ddcf2-0924-f6e0-0fee-c40823f5789b-C,,882,department-of-housing-and-urban-development,CONT_AWD_86615321C00010_8600_-NONE-_-NONE-
116115284,72049721F00001,TTEK,31519000.53,22983527.8,SINAR,DELIVERY ORDER,['Q'],,,,,Agency for International Development,Agency for International Development,2021-01-04,2026-01-03,9e454421-2465-358f-bf5f-90cd039d2c54-C,,801,agency-for-international-development,CONT_AWD_72049721F00001_7200_7200AA19D00029_7200
139988657,HC108421F0169,CSCO,72414000.0,,CISCO SMART NET TOTAL CARE (SNTC),DELIVERY ORDER,,,,,,Department of Defense,Defense Information Systems Agency,2021-06-21,2022-06-20,f1e4ed58-f006-1f6f-b3ba-64a95aab33ca-C,,1173.0,department-of-defense,CONT_AWD_HC108421F0169_9700_HC108421D0003_9700
140491658,70B03C21F00001089,OSI,88139671.0,52319855.44,"LOW ENERGY NON-INTRUSIVE INSPECTION SYSTEMS, WITH TRAINING, AND MAINTENANCE.",DELIVERY ORDER,['Q'],,,,,Department of Homeland Security,U.S. Customs and Border Protection,2021-09-21,2025-12-31,d5371ba1-ba5d-6149-c741-ed24e68da514-C,,766,department-of-homeland-security,CONT_AWD_70B03C21F00001089_7014_70B03C21D00000037_7014
143390651,FA862521F3004,LMT,42745679.93,,C-130J / CADDIE CORE SERVICES,DELIVERY ORDER,['Q'],,,,,Department of Defense,Department of the Air Force,2021-12-18,2025-12-31,4051d253-67f0-30bd-2c7f-5eb539533924-C,,1173,department-of-defense,CONT_AWD_FA862521F3004_9700_FA862520D3000_9700
137557070,FA807521F0046,KBR,41558864.81,416374.65,SECURITY AND TRUSTWORTHY FOUNDATIONS FOR ELECTRONICS RESURGENCE (STRYFER),DELIVERY ORDER,['Q'],,,,,Department of Defense,Department of the Air Force,2021-03-31,2026-04-04,c1555398-ca16-7024-230c-c902d4f1a351-C,,1173,department-of-defense,CONT_AWD_FA807521F0046_9700_FA807518D0015_9700
131527857,M6785421F1846,ESLT,41337235.22,15017750.0,SQUAD BINOCULAR NIGHT VISION GOGGLE SYS,DELIVERY ORDER,['Q'],,,,,Department of Defense,Department of the Navy,2021-01-27,2022-06-29,6b8b09a4-5f3a-e25e-ba3c-35d432d9c5cf-C,,1173,department-of-defense,CONT_AWD_M6785421F1846_9700_M6785419D1501_9700
139493460,75N97021F00100,SAPE,32741248.28,31314123.76,OFFICE OF SCIENTIFIC COMPUTING SERVICES SUPPORT,DELIVERY ORDER,['Q'],,,,,Department of Health and Human Services,National Institutes of Health,2021-08-24,2024-08-23,48a14819-43ca-e7c7-e42b-c3aa96235a01-C,,806,department-of-health-and-human-services,CONT_AWD_75N97021F00100_7529_GS35F0442V_4730
137945935,W900KK21F0095,GD,25163894.08,6035796.47,"LIVE, VIRTUAL, CONSTRUCTIVE TRAINING ENVIRONMENT (LVC-TE) DEVELOPMENT SUPPORT CACCTUS SUSTAINMENT AND DEVELOPMENT",DELIVERY ORDER,['Q'],,,,,Department of Defense,Department of the Army,2021-04-16,2027-06-30,3c33db3f-534f-e4bf-929a-65a8af3c5549-C,,1173,department-of-defense,CONT_AWD_W900KK21F0095_9700_W900KK20D0007_9700
147254703,FA854022F0012,NOC,74818662.86,,LITENING TARGETING PODS,DELIVERY ORDER,,,,,,Department of Defense,Department of the Air Force,2021-12-23,2025-02-28,75dec7b1-56eb-4770-da4b-ac736121ab61-C,,1173,department-of-defense,CONT_AWD_FA854022F0012_9700_FA854019D0001_9700
139708109,FA807521F0051,KBR,47122684.36,,C-130 HERCULES MODERNIZATION AND SUSTAINMENT,DELIVERY ORDER,['Q'],,,,,Department of Defense,Department of the Air Force,2021-09-01,2026-08-31,c1555398-ca16-7024-230c-c902d4f1a351-C,,1173,department-of-defense,CONT_AWD_FA807521F0051_9700_FA807518D0015_9700
146554916,W31P4Q22C0020,LMT,103135177.48,,PROVIDE TECHNICAL ASSISTANCE SUPPORT FOR THE PATRIOT PAC-3 MISSILE SEGMENT FOR US AND FMS PARTNERS,DEFINITIVE CONTRACT,['Q'],,,,,Department of Defense,Department of the Army,2021-11-29,2025-03-01,3306c327-c59a-1581-3de2-01f8871c6ab0-C,,1173,department-of-defense,CONT_AWD_W31P4Q22C0020_9700_-NONE-_-NONE-
137659870,H9240821F0006,LMT,54680237.69,,TACTICAL FLIGHT MANAGEMENT SYSTEM (TFMS),DELIVERY ORDER,,,,,,Department of Defense,U.S. Special Operations Command,2021-03-31,2024-06-01,4051d253-67f0-30bd-2c7f-5eb539533924-C,,1173,department-of-defense,CONT_AWD_H9240821F0006_9700_H9240318D0002_9700
138395940,75A50121C00024,CPHD,74983757.15,13445886.66,OTA - PANDEMIC PREPAREDNESS AND RESPONSE: ESTABLISHING A PLATFORM FOR DIAGNOSIS AND SURVEILLANCE OF EMERGING THREATS,DEFINITIVE CONTRACT,"['P', 'Q', 'V']",43056881.15,13445886.66,,,Department of Health and Human Services,Office of Assistant Secretary for Preparedness and Response,2021-07-23,2027-06-30,f6397cdb-c833-3628-6fb3-a38803b567f6-C,,806.0,department-of-health-and-human-services,CONT_AWD_75A50121C00024_7505_-NONE-_-NONE-
145612053,HR001122F0005,BAH,34384319.05,,MICROSYSTEMS DEVICES (MTO3) SUPPORT SERVICES EO14042,DELIVERY ORDER,['Q'],,,,,Department of Defense,Defense Advanced Research Projects Agency,2021-11-01,2024-10-31,ffca72e5-fba2-798a-6969-2a6c45e9f985-C,,1173,department-of-defense,CONT_AWD_HR001122F0005_9700_HR001118D0001_9700
144330645,FA852821C0001,MTD,30932750.0,,COVID-19 DHHS CAPACITY EXPANSION TO INCREASE CONUS PRODUCTION OF PIPETTE TIPS - ACTION AWARDED UNDER CSO FA8119-21-S-C001. CONTRACT WILL RESULT IN CAPACITY TO PRODUCE 340 MILLION PIPETTE TIPS PER MONTH.,DEFINITIVE CONTRACT,,,,,,Department of Defense,Department of the Air Force,2021-09-10,2023-12-31,856782bd-6c8c-ceb8-2820-734b1a3e6db3-C,,1173,department-of-defense,CONT_AWD_FA852821C0001_9700_-NONE-_-NONE-
139291088,N6339421C0007,GD,91266798.87,11266209.51,DAS - LABOR BASE YR. - HOLDING SLIN,DEFINITIVE CONTRACT,['Q'],,,,,Department of Defense,Department of the Navy,2021-05-24,2024-11-15,09f25d0c-0e54-1095-0191-a9797ddbaf68-C,,1173,department-of-defense,CONT_AWD_N6339421C0007_9700_-NONE-_-NONE-
146090742,N0001922F0972,RTN,177786661.27,,FY22 LOT 3 RECERTIFIED/MODERNIZED MISSILE & DEPOT. THE PURPOSE OF THIS ACTION IS TO ORDER ENGINEERING SUPPORT SERVICES.,DELIVERY ORDER,['Q'],,,,,Department of Defense,Department of the Navy,2021-11-26,2025-07-08,01c4a3a3-b4c5-ce4e-822b-d17f09985001-C,,1173,department-of-defense,CONT_AWD_N0001922F0972_9700_N0001920D0008_9700
145093036,FA867522F1001,RTN,60927230.0,,ADVANCED MEDIUM RANGE AIR TO AIR MISSILE SYSTEM- SYSTEM IMPROVEMENT PROGRAM (SIP)- SOFTWARE DEVELOPMENT,DELIVERY ORDER,,,,,,Department of Defense,Department of the Air Force,2021-10-07,2025-05-31,01c4a3a3-b4c5-ce4e-822b-d17f09985001-C,,1173.0,department-of-defense,CONT_AWD_FA867522F1001_9700_FA867520D0002_9700
143352995,M6785421F0043,NOC,27953355.27,24258832.73,ENGINEERING SUPPORT SERVICES,DELIVERY ORDER,['Q'],,,,,Department of Defense,Department of the Navy,2021-08-10,2023-11-09,8045a473-49bf-de71-ebb8-2351822daebe-C,,1173,department-of-defense,CONT_AWD_M6785421F0043_9700_M6785420G0032_9700
143468173,N6945021F0566,BLH,36678578.0,,CCAD HANGAR 47 FACIILITY STABILIZATION,DELIVERY ORDER,['Q'],,,,,Department of Defense,Department of the Navy,2021-08-17,2024-10-21,f9896eaa-17af-6d01-f48f-cda50097f023-C,,1173,department-of-defense,CONT_AWD_N6945021F0566_9700_N6945019D0908_9700
144822157,FA852621F0018,BA,240859986.96,,FY22 VIRTUAL-FLEET-COMMON AND UNIQUE LABOR SUSTAINMENT FOR C17 FLEET.,DELIVERY ORDER,,,,,,Department of Defense,Department of the Air Force,2021-10-01,2023-09-27,5fa231ae-15e3-afd3-8c5c-bb9911ba57f8-C,,1173,department-of-defense,CONT_AWD_FA852621F0018_9700_FA852621D0001_9700
144950932,N6833521F0492,BA,25371984.0,,DSU-38A/B PRECISION LASER GUIDANCE SET,DELIVERY ORDER,,,,,,Department of Defense,Defense Contract Management Agency,2021-09-29,2023-12-31,9ab85632-42cc-5fa4-2a9c-d734034ddd33-C,,1173,department-of-defense,CONT_AWD_N6833521F0492_9700_N0001916D1002_9700
144474964,N4215821C0004,PESI,43998835.63,,EX-MCKEE - ARTICLE 520 RELEASE,DEFINITIVE CONTRACT,,,,,,Department of Defense,Department of the Navy,2021-09-20,2024-03-19,b6af3dae-dcd7-35c6-e7c8-41128b535175-C,,1173,department-of-defense,CONT_AWD_N4215821C0004_9700_-NONE-_-NONE-
145459572,SPE2DS22F0021,ABT,85325713.2,44601051.6,8508632018!BINAXNOW COVID-19 ANTIGEN SEL,DELIVERY ORDER,['Q'],,,,,Department of Defense,Defense Logistics Agency,2021-10-20,2024-02-13,8cac1796-b994-6d54-94d4-00cd00e4a075-C,,1173,department-of-defense,CONT_AWD_SPE2DS22F0021_9700_SPE2DE21D0048_9700
134016137,N0002421F6206,LMT,118627979.0,,FY 21 SYSTEMS ENGINEERING/PROGRAM MGMT,DELIVERY ORDER,,,,,,Department of Defense,Department of the Navy,2021-02-26,2025-05-03,687c4cc7-53f1-d028-875d-2fc73de19122-C,,1173,department-of-defense,CONT_AWD_N0002421F6206_9700_N0002419D6200_9700
146983273,FA862022F4812,LHX,37245889.0,,BIG SAFARI,DELIVERY ORDER,,,,,,Department of Defense,Department of the Air Force,2021-12-17,2025-04-24,9a8e6a0a-4913-b84b-e426-8fdaeb54a427-C,,1173,department-of-defense,CONT_AWD_FA862022F4812_9700_FA862021G4027_9700
144799385,FA813421F0034,BA,34026207.72,,PURCHASING CONTRACTOR LOGISITC SERVICES FOR THE E4B,DELIVERY ORDER,,,,,,Department of Defense,Department of the Air Force,2021-09-27,2024-09-26,e2d7a16e-029f-ce0e-97dc-8b32fa6dc1d1-C,,1173,department-of-defense,CONT_AWD_FA813421F0034_9700_FA810616D0002_9700
137557106,FA862021F4031,TTE,26895646.0,3957399.47,BIG SAFARI,DELIVERY ORDER,['Q'],,,,,Department of Defense,Department of the Air Force,2021-04-01,2023-03-31,8ed0f4da-fb5f-8226-3d72-de5d30b1b895-C,,1173,department-of-defense,CONT_AWD_FA862021F4031_9700_FA862021G4022_9700
139461600,W56HZV21F0234,OSK,26109629.01,,"FAMILY OF HEAVY TACTICAL VEHICLE (FHTV) IV THREE YEAR EXTENSION (OY6-OY8) IS A FIRM-FIXED-PRICE (FFP) TARGET SOLE SOURCE, REQUIREMENTS CONTRACT AWARDED TO OSHKOSH DEFENSE, LLC WITH ESTABLISHED RANGE PRICING.",DELIVERY ORDER,,,,,,Department of Defense,Department of the Army,2021-05-26,2024-01-31,5c99e12d-99a6-52a3-d019-34a3855a6ed7-C,,1173,department-of-defense,CONT_AWD_W56HZV21F0234_9700_W56HZV15D0031_9700
140337011,15BNAS21FRCA00031,IBM,41298603.78,19073583.22,SENTRY MODERNIZATION AND CLOUD MIGRATION,DELIVERY ORDER,['Q'],,,,,Department of Justice,Federal Prison System / Bureau of Prisons,2021-09-24,2025-09-30,6ffc4386-853e-ef89-67e8-22c28ddcf15c-C,,252,department-of-justice,CONT_AWD_15BNAS21FRCA00031_1540_47QTCK18D0014_4732
139449628,SP470921F0073,ACN,72643364.56,25568993.37,8508207528!JETS  SYSTEM SUSTAINMENT/MAIN,DELIVERY ORDER,['Q'],,,,,Department of Defense,Defense Logistics Agency,2021-05-26,2024-06-30,d41a6b8a-9d6a-0d28-7e24-989e31731aad-C,,1173.0,department-of-defense,CONT_AWD_SP470921F0073_9700_SP470917D0023_9700
137159181,H9240121F0061,LHX,64020376.0,,NGMP RADIO SYSTEM,DELIVERY ORDER,,,,,,Department of Defense,U.S. Special Operations Command,2021-03-23,2022-05-30,ff82f82d-0b7f-0534-6465-02811ca0e11a-C,,1173,department-of-defense,CONT_AWD_H9240121F0061_9700_H9222217D0021_9700
138687070,HQ072721F1612,RTN,49565594.0,,"THE PURPOSE OF THIS TASK IS TO PRODUCE, PROCURE, AND MODIFY THE ENHANCED COYOTE BLOCK 2 AND BLOCK 3 INTERCEPTORS.",DELIVERY ORDER,,,,,,Department of Defense,Defense Microelectronics Activity,2021-05-04,2023-03-31,ac0b9590-0ad8-0854-a7ed-8474dc0b203b-C,,1173,department-of-defense,CONT_AWD_HQ072721F1612_9700_HQ072716D0006_9700
134016957,N6600121F3501,BAH,79984019.06,36272.85,"THE ENTERPRISE COMMUNICATIONS AND NETWORKS DIVISION (55300) AT NAVAL INFORMATION WARFARE CENTER, PACIFIC (NIWC PACIFIC) HAS IDENTIFIED A REQUIREMENT FOR ENGINEERING, TECHNICAL AND PROGRAMMATIC SERVICES FOR PROGRAM MANAGEMENT WARFARE (PMW) 205.",DELIVERY ORDER,['Q'],,,,,Department of Defense,Department of the Navy,2021-02-23,2025-02-23,ffca72e5-fba2-798a-6969-2a6c45e9f985-C,,1173,department-of-defense,CONT_AWD_N6600121F3501_9700_N0017819D7264_9700
134103760,W56HZV21F0137,GD,218938081.0,46103892.0,FY21 CALL UP - ORDERING PERIOD #3,DELIVERY ORDER,['Q'],,,,,Department of Defense,Department of the Army,2021-03-01,2022-07-28,99938bc0-e262-06ff-9f94-386fd3da88dc-C,,1173,department-of-defense,CONT_AWD_W56HZV21F0137_9700_W56HZV19D0054_9700
110813473,70B04C20F00001359,SAIC,451690962.81,214341294.01,"U.S. CUSTOMS AND BORDER PROTECTION (CBP) OFFICE OF INFORMATION TECHNOLOGY, (OIT) TARGETING AND ANALYSIS SYSTEMS PROGRAM DIRECTORATE (TASPD)'S OPERATIONS AND MAINTENANCE (O&M), UPGRADES, UPDATES, MODIFICATIONS AND ENHANCEMENTS CONTRACT",DELIVERY ORDER,['Q'],,,,,Department of Homeland Security,U.S. Customs and Border Protection,2021-09-15,2025-09-14,20af0683-f17d-1f8f-38ee-2f11bd124559-C,,766,department-of-homeland-security,CONT_AWD_70B04C20F00001359_7014_47QTCK18D0001_4732
133985472,N0002421C2443,HII,100219664.55,9214.6,LPD 17 CLASS ENGINEERING SERVICES,DEFINITIVE CONTRACT,['Q'],,,,,Department of Defense,Department of the Navy,2021-02-26,2027-02-01,1eb5d9d6-aabf-3228-e6ab-79cf9729c9d7-C,,1173,department-of-defense,CONT_AWD_N0002421C2443_9700_-NONE-_-NONE-
141288412,47QFCA22F0005,CACI,43016789.38,-36382.4,OUTSIDE PLANT CAPABILITY SET,DELIVERY ORDER,['Q'],,,,,General Services Administration,Federal Acquisition Service,2021-11-18,2024-08-17,28eee911-76af-7147-f760-4ec5f90bec2d-C,,614.0,general-services-administration,CONT_AWD_47QFCA22F0005_4732_47QTCK18D0009_4732
141079929,W56HZV21C0113,OSK,61599999.0,,OMFV PHASE 2 CONCEPT DESIGN EFFORT,DEFINITIVE CONTRACT,,,,,,Department of Defense,Department of the Army,2021-07-23,2022-12-31,5c99e12d-99a6-52a3-d019-34a3855a6ed7-C,,1173,department-of-defense,CONT_AWD_W56HZV21C0113_9700_-NONE-_-NONE-
143348704,N0003021C0100,LMT,1185157995.49,435790.19,FY22 TRIDENT PRODUCTION AND DEPLOYED SYSTEMS SUPPORT,DEFINITIVE CONTRACT,['Q'],,,,,Department of Defense,Defense Contract Management Agency,2021-08-10,2026-09-30,8a7abf83-bb31-a229-bb3a-31eb356988eb-C,,1173,department-of-defense,CONT_AWD_N0003021C0100_9700_-NONE-_-NONE-
143408903,HTC71121FD086,CACI,48318361.82,,DEFENSE PERSONAL PROPERTY SYSTEM (DPS) INCREMENT 3,DELIVERY ORDER,['Q'],,,,,Department of Defense,USTRANSCOM,2021-08-15,2024-09-30,28eee911-76af-7147-f760-4ec5f90bec2d-C,,1173,department-of-defense,CONT_AWD_HTC71121FD086_9700_HC102818D0007_9700
146044847,SPE2DS22F0039,ABT,137700000.0,,8508669471!BINAX NOW COVID-19 AG CARD,DELIVERY ORDER,['Q'],,,,,Department of Defense,Defense Logistics Agency,2021-11-07,2022-06-24,8cac1796-b994-6d54-94d4-00cd00e4a075-C,,1173,department-of-defense,CONT_AWD_SPE2DS22F0039_9700_SPE2DE21D0023_9700
130321638,75N92021F00001,DLH,76630464.48,55866763.25,"NHLBI SERVICE DESK, CONFIGURATION MANAGEMENT, AND INFRASTRUCTURE OPERATIONS AND MAINTENANCE",BPA CALL,['Q'],,,,,Department of Health and Human Services,National Institutes of Health,2021-04-16,2025-04-15,7dc5787c-1843-acc0-ff3f-e83c0b1341ab-C,,806,department-of-health-and-human-services,CONT_AWD_75N92021F00001_7529_HHSN268201800004B_7529
136946752,693KA721C00014,LDOS,603763987.7,461382032.0,"THE PURPOSE OF THIS CONTRACT IS TO ENHANCE AND MAINTAIN THE EN ROUTE AUTOMATION AND MODERNIZATION (ERAM), INCLUDING THE EN ROUTE INFORMATION DISPLAY SYSTEM (ERIDS), AND TO PRODUCE, IMPLEMENT, AND PROVIDE SUPPORT FOR A LIMITED NUMBER OF ERAM/ERIDS SYS",DEFINITIVE CONTRACT,['Q'],,,,,Department of Transportation,Federal Aviation Administration,2021-06-15,2041-05-24,5ddb264f-234b-872c-2571-4731fde123c6-C,,731,department-of-transportation,CONT_AWD_693KA721C00014_6920_-NONE-_-NONE-
127834836,FA862021F4802,LHX,28489334.0,,BIG SAFARI,DELIVERY ORDER,['Q'],,,,,Department of Defense,Department of the Air Force,2021-01-08,2022-02-08,9a8e6a0a-4913-b84b-e426-8fdaeb54a427-C,,1173,department-of-defense,CONT_AWD_FA862021F4802_9700_FA862016G3027_9700
143409081,N6893621F0517,BA,31852035.47,,RADAR II TASK ORDER,DELIVERY ORDER,,,,,,Department of Defense,Department of the Navy,2021-08-16,2023-06-13,9ab85632-42cc-5fa4-2a9c-d734034ddd33-C,,1173,department-of-defense,CONT_AWD_N6893621F0517_9700_N6893618D0026_9700
136946806,SPRHA121C0004,GD,34854950.0,,B-52 WHEEL AND BRAKE SYSTEM IMPROVEMENT (WBSI) PROGRAM,DEFINITIVE CONTRACT,,,,,,Department of Defense,Defense Logistics Agency,2021-03-17,2028-09-30,681621e2-199c-1489-ce07-823b2d82bf16-C,,1173,department-of-defense,CONT_AWD_SPRHA121C0004_9700_-NONE-_-NONE-
136905655,FA830721F0012,LMT,36097976.2,-6.88,JCC2 CENTROPY,DELIVERY ORDER,['Q'],,,,,Department of Defense,Department of the Air Force,2021-03-15,2025-03-14,b302814a-8713-3c2f-8b0a-d0b8fc09976f-C,,1173,department-of-defense,CONT_AWD_FA830721F0012_9700_FA830716D0010_9700
146884181,SPE4AX22F1140,GE,68482613.68,,8508742945!PBL SERVICE SUPPORT,DELIVERY ORDER,['Q'],,,,,Department of Defense,Defense Logistics Agency,2021-12-13,2022-12-31,61dfb4da-ba2f-398f-13e9-5792607bf051-C,,1173,department-of-defense,CONT_AWD_SPE4AX22F1140_9700_SPE4AX15D9412_9700
131735935,FA882321F2005,LMT,28740627.62,,ADVANCED EXTREMELY HIGH FREQUENCY RESILIENCY PHASE II,DELIVERY ORDER,,,,,,Department of Defense,Defense Contract Management Agency,2021-01-29,2023-12-31,6e7a895c-aa57-8600-2a8a-4e237f6213f6-C,,1173,department-of-defense,CONT_AWD_FA882321F2005_9700_FA882320D0001_9700
140122782,19AQMM21F2945,SAIC,755909270.7,377261828.82,THE TASK ORDER IS FOR INFORMATION TECHNOLOGY ENGINEERING AND ARCHITECTURE (LEAD INTEGRATOR).,DELIVERY ORDER,"['N', 'Q']",374365.52,374365.52,,,Department of State,Department of State,2021-07-30,2025-02-08,20af0683-f17d-1f8f-38ee-2f11bd124559-C,,315,department-of-state,CONT_AWD_19AQMM21F2945_1900_47QTCK18D0001_4732
138802899,N0002421C6304,GD,83975855.35,,"KNIFEFISH PROGRAM - UNMANNED UNDERSEA VEHICLE (UUV) BLOCK 1 LOW RATE INITIAL PRODUCTION (LRIP) RETROFITTED FROM BLOCK 0 LRIP (DESIGN, INTEGRATION, PRODUCTION, AND ENGINEERING SUPPORT SERVICES)",DEFINITIVE CONTRACT,,,,,,Department of Defense,Department of the Navy,2021-05-07,2024-09-30,2a8cd5da-b043-b5a5-18fb-8f48ab00a90b-C,,1173,department-of-defense,CONT_AWD_N0002421C6304_9700_-NONE-_-NONE-
146912494,SPE4AX22F1148,GE,47626225.76,37313788.86,8508745771!PBL SERVICE SUPPORT GE,DELIVERY ORDER,['Q'],,,,,Department of Defense,Defense Logistics Agency,2021-12-14,2022-12-31,66092799-9c72-fde6-e008-9d381191aed2-C,,1173,department-of-defense,CONT_AWD_SPE4AX22F1148_9700_SPE4AX21D9416_9700
137156074,W31P4Q21C0029,AVAV,47096633.74,23984.72,SWITCHBLADE CONTRACTOR LOGISTIC SERVICES,DEFINITIVE CONTRACT,['Q'],,,,,Department of Defense,Department of the Army,2021-03-23,2025-02-26,e81133c0-b7fc-c8d2-33d3-c9e6288946d0-C,,1173,department-of-defense,CONT_AWD_W31P4Q21C0029_9700_-NONE-_-NONE-
139877672,HC108421F0164,WWT,152626859.94,79852495.71,EA BUNDLE,DELIVERY ORDER,['Q'],,,,,Department of Defense,Defense Information Systems Agency,2021-06-21,2025-06-20,d96a4bfd-2da7-00c1-948d-44005efba1a1-C,,1173,department-of-defense,CONT_AWD_HC108421F0164_9700_NNG15SC55B_8000
133026566,N0002421C2104,HII,73702970.0,362803.22,FY21 CONFORM,DEFINITIVE CONTRACT,['Q'],,,,,Department of Defense,Department of the Navy,2021-02-11,2025-09-30,dde47d6b-a165-dbed-d5bd-a6e55ca6e591-C,,1173,department-of-defense,CONT_AWD_N0002421C2104_9700_-NONE-_-NONE-
138632734,36C10X21N0105,CPHD,27353200.0,,CEPHEID GENEXPERT XPRESS,DELIVERY ORDER,,,,,,Department of Veterans Affairs,Department of Veterans Affairs,2021-07-29,2021-12-31,f6397cdb-c833-3628-6fb3-a38803b567f6-C,,561,department-of-veterans-affairs,CONT_AWD_36C10X21N0105_3600_36C10X21D0015_3600
152605024,36C10G22K0071,TWST,93451692.96,,EXPRESS REPORT: FOR FY2022 4TH QTR UNDER THE CCN CONTRACT,DELIVERY ORDER,,,,,,Department of Veterans Affairs,Department of Veterans Affairs,2021-10-01,2022-09-30,bf1220c1-2373-042a-e8e1-33d5a29639d0-C,,561,department-of-veterans-affairs,CONT_AWD_36C10G22K0071_3600_36C10G21D0001_3600
139212539,N4002721F0035,BAE,33011006.92,20103949.05,BASE WORK PACKAGE - USS DETROIT (LCS 7) SERM-021-21 (CMAV),DELIVERY ORDER,['Q'],,,,,Department of Defense,Department of the Navy,2021-06-11,2023-02-18,4d9f950b-ae2d-3cd1-b236-f839d288330e-C,,1173,department-of-defense,CONT_AWD_N4002721F0035_9700_N0002416D4319_9700
144766086,W912DS21C0022,GLDD,27332762.0,605817.0,HYDRAULIC BEACH FILL,DEFINITIVE CONTRACT,['Q'],,,,,Department of Defense,Department of the Army,2021-09-24,2023-03-11,a8ce365d-613d-3362-4d1d-16a5186a9d24-C,,1173,department-of-defense,CONT_AWD_W912DS21C0022_9700_-NONE-_-NONE-
139488513,N0001921C0024,LMT,32091298.17,,POLAND INTEGRATION CONTRACT,DEFINITIVE CONTRACT,,,,,,Department of Defense,Department of the Navy,2021-05-28,2027-05-31,6cf5fb1b-4988-d087-5dc1-70939d8fc6c4-C,,1173.0,department-of-defense,CONT_AWD_N0001921C0024_9700_-NONE-_-NONE-
144950450,H9224121F0075,BA,73002527.0,,ENGINEERING SUPPORT SERVICES UK FMS.,DELIVERY ORDER,,,,,,Department of Defense,U.S. Special Operations Command,2021-09-30,2025-12-31,f9736fab-29cf-0248-a01b-aea3ad360ecc-C,,1173,department-of-defense,CONT_AWD_H9224121F0075_9700_H9224118D0002_9700
134001995,2032H521F00346,MMS,80283443.36,53814866.65,MASTERFILE SYSTEM PROGRAMMING SUPPORT SERVICES COVID-19,DELIVERY ORDER,"['O', 'Q', 'V']",7977309.930000001,7936192.05,,,Department of the Treasury,Internal Revenue Service,2021-06-01,2024-05-31,f87b435f-0b05-95c9-7c0e-e60df7cdff50-C,,456,department-of-the-treasury,CONT_AWD_2032H521F00346_2050_47QTCK18D0044_4732
140126395,FA445221F0035,Caci International Inc.,36398551.71,1295021.73,MEDICAL READINESS LOGISTICS/PROGRAM SUPPORT SERVICES,DELIVERY ORDER,['Q'],,,,,Department of Defense,Department of the Air Force,2021-07-01,2025-06-30,b5d927cd-b446-286a-877d-dbdc6e0d20d5-C,,1173,department-of-defense,CONT_AWD_FA445221F0035_9700_GS00Q14OADU121_4732
144950391,FA850421F0059,RR,82957979.57,,C-130J PROPULSION LONG TERM SUSTAINMENT,DELIVERY ORDER,,,,,,Department of Defense,Department of the Air Force,2021-09-29,2025-10-06,ae61fda0-8744-9361-a177-0ffcabb70c2e-C,,1173,department-of-defense,CONT_AWD_FA850421F0059_9700_FA850417D0002_9700
133877189,HQ003421F0077,BAH,31387090.99,,CYBERSECURITY RESEARCH AND ANALYSIS,DELIVERY ORDER,['Q'],,,,,Department of Defense,Washington Headquarters Services,2021-01-15,2024-11-30,ffca72e5-fba2-798a-6969-2a6c45e9f985-C,,1173,department-of-defense,CONT_AWD_HQ003421F0077_9700_HQ003418D0017_9700
116611374,W912P820C0072,Manson Construction Co is a privately held company and is not publicly traded.,52662480.0,,"PASSES OF THE MISSISSIPPI RIVER, SOUTH PASS MAINTENANCE DREDGING #20-1, PLAQUEMINES PARISH, LOUISIANA (OM-ED-027)",DEFINITIVE CONTRACT,"['E', 'Q']",,,,,Department of Defense,Department of the Army,2021-03-29,2022-10-11,54aa8711-d13e-9d80-45f0-605318253bc6-C,,1173,department-of-defense,CONT_AWD_W912P820C0072_9700_-NONE-_-NONE-
139505417,FA863821F0024,NOC,146685229.92,,LARGE AIRCRAFT INFRARED COUNTERMEASURES ACQUISITION SUSTAINMENT ENGINEERING REQUIREMENTS CROSS FUNCTIONAL,DELIVERY ORDER,['Q'],,,,,Department of Defense,Department of the Air Force,2021-05-27,2024-10-31,75dec7b1-56eb-4770-da4b-ac736121ab61-C,,1173,department-of-defense,CONT_AWD_FA863821F0024_9700_FA863819D0001_9700
144442430,N0002421C6113,LMT,34652947.53,,LWLCCA PRODUCTION SHIPSET,DEFINITIVE CONTRACT,,,,,,Department of Defense,Department of the Navy,2021-09-16,2025-07-21,687c4cc7-53f1-d028-875d-2fc73de19122-C,,1173,department-of-defense,CONT_AWD_N0002421C6113_9700_-NONE-_-NONE-
155914686,36C10G22K0074,UNH,5059292057.27,,EXPRESS REPORT FOR FY22 REGION 2,DELIVERY ORDER,,,,,,Department of Veterans Affairs,Department of Veterans Affairs,2021-10-01,2022-09-30,41694631-0b0f-72ed-221b-29193c88f0d2-C,,561,department-of-veterans-affairs,CONT_AWD_36C10G22K0074_3600_36C79119D0005_3600
139988624,86615321F00007,T,64187185.87,26123808.56,EIS IT: TASK ORDER 1 (TO1): DATA SUPPORT SERVICES IN SUPPORT OF HUD/OCIO,DELIVERY ORDER,['Q'],,,,,Department of Housing and Urban Development,Department of Housing and Urban Development,2021-09-16,2025-09-30,d96f3486-0fa5-045a-5da7-9cffc0b4a114-C,,882,department-of-housing-and-urban-development,CONT_AWD_86615321F00007_8600_GS00Q17NSD3000_4732
137856294,FA872621F0028,LHX,37599263.9,,FULL MOTION VIDEO EXTENSION AND UNIFIED RELAY PROGRAM (FEURY) TASK ORDER 7,DELIVERY ORDER,['Q'],,,,,Department of Defense,Department of the Air Force,2021-04-13,2024-02-18,b09dcd04-a8c9-ee78-bf74-30e428504408-C,,1173,department-of-defense,CONT_AWD_FA872621F0028_9700_FA872618D0002_9700
145531172,FA881922C0001,LHX,148564424.06,,COUNTER COMMUNICATIONS SYSTEMS MEADOWLAND PRODUCTION,DEFINITIVE CONTRACT,,,,,,Department of Defense,Department of the Air Force,2021-10-22,2027-02-19,8cdf9a30-6987-41a0-fdc4-f48e1b88b1bf-C,,1173,department-of-defense,CONT_AWD_FA881922C0001_9700_-NONE-_-NONE-
145357005,FA810722F0002,BA,99130000.0,,B-52 COMMERCIAL ENGINE REPALCEMENT PROGRAM RAPID PROTOTYPING MATERIAL 1 LONG LEAD COMPONENTS,DELIVERY ORDER,,,,,,Department of Defense,Department of the Air Force,2021-10-15,2029-01-31,e2d7a16e-029f-ce0e-97dc-8b32fa6dc1d1-C,,1173,department-of-defense,CONT_AWD_FA810722F0002_9700_FA862819D1000_9700
138828629,FA862021F4826,LHX,34247617.0,,BIG SAFARI,DELIVERY ORDER,['Q'],,,,,Department of Defense,Department of the Air Force,2021-04-12,2023-08-31,9a8e6a0a-4913-b84b-e426-8fdaeb54a427-C,,1173,department-of-defense,CONT_AWD_FA862021F4826_9700_FA862016G3027_9700
140442540,80MSFC21CA018,NOC,46280283.03,46280282.74,"THIS HLS EFFORT FURTHER DEVELOPS SUSTAINING LUNAR LANDER CONCEPT DEVELOPMENT THROUGH DESIGN, TRADE STUDIES AND JOINT WORKING GROUPS AND PERFORM RISK MITIGATION ACTIVITIES TO REDUCE SUSTAINABLE LUNAR LANDER DEVELOPMENT RISKS.",DEFINITIVE CONTRACT,['Q'],,,,,National Aeronautics and Space Administration,National Aeronautics and Space Administration,2021-09-27,2023-08-11,d6601efc-adc3-1030-5904-be323dc49433-C,,862.0,national-aeronautics-and-space-administration,CONT_AWD_80MSFC21CA018_8000_-NONE-_-NONE-
140446000,36C10B21N0048EHRM,ORCL,271152421.02,,EHRM LICENSES AND FEES,DELIVERY ORDER,,,,,,Department of Veterans Affairs,Department of Veterans Affairs,2021-09-28,2025-05-16,9232b26d-789d-bdd2-5a6d-28714f1dfa2c-C,,561,department-of-veterans-affairs,CONT_AWD_36C10B21N0048EHRM_3600_36C10B18D5000_3600
145459570,SPE2DS22F0019,ABT,265650000.0,,8508631830!BINAX NOW COVID-19 AG CARD,DELIVERY ORDER,['Q'],,,,,Department of Defense,Defense Logistics Agency,2021-10-20,2023-06-26,8cac1796-b994-6d54-94d4-00cd00e4a075-C,,1173,department-of-defense,CONT_AWD_SPE2DS22F0019_9700_SPE2DE21D0053_9700
139610576,FA873021F0121,BAESY,34232661.55,1892877.39,MOBILITY AIR FORCES FLIGHT PLANNING SERVICES (MAFPS)  MX SUPPORT,DELIVERY ORDER,['Q'],,,,,Department of Defense,Department of the Air Force,2021-06-07,2024-03-31,3aadb63a-54fd-526c-ec7e-f2d1e63d8112-C,,1173,department-of-defense,CONT_AWD_FA873021F0121_9700_GS35F351DA_4732
138686989,FA821421F0004,NOC,47906513.0,,"ENGINEERING, SOFTWARE, AND MAINTENANCE SERVICES FOR SUSTAINMENT, MODIFICATION, DEVELOPMENT, TEST AND EVALUATION, PROCUREMENT,PRODUCTION, REPAIR AND REFURBISHMENT OF THE MINUTEMAN III PROPULSION SUBSYSTEM AND RELATED SUPPORT EQUIPMENT.",DELIVERY ORDER,['Q'],,,,,Department of Defense,Department of the Air Force,2021-05-04,2025-05-05,828ad15f-2b75-eb7a-ab63-b3f56dd45597-C,,1173,department-of-defense,CONT_AWD_FA821421F0004_9700_FA821421D0001_9700
144346063,W56HZV21F0378,BA,38322730.26,,"ARMORED MULTIPURPOSE VEHICLE STS CONTRACT, TASK ORDER ESTABLISHES RAMP SEAL TERM WORD DIRECTIVE FOV-R-21-F0378-011 FOR 1,620 HOURS IN THE AMOUNT OF $271,700.48.",DELIVERY ORDER,['Q'],,,,,Department of Defense,Department of the Army,2021-09-10,2025-04-06,4e82bc60-9b65-7c43-0d5f-4d41ace9f16b-C,,1173,department-of-defense,CONT_AWD_W56HZV21F0378_9700_W56HZV21D0018_9700
144479659,N0001921F0432,RTX,76959781.96,,SPARES AND KITS,DELIVERY ORDER,,,,,,Department of Defense,Department of the Navy,2021-09-17,2023-06-30,62e141b3-4887-5b39-6b75-eace9326395c-C,,1173,department-of-defense,CONT_AWD_N0001921F0432_9700_N0001920D0013_9700
140119538,N0003921F9025,DELL,153596596.93,,PERSONA 3,BPA CALL,,,,,,Department of Defense,Department of the Navy,2021-06-22,2022-05-31,d49f36ae-b747-42e3-5257-6787a69e51e9-C,,1173,department-of-defense,CONT_AWD_N0003921F9025_9700_N6600121A0084_9700
133630891,80MSFC21CA002,SPCE,48941325.0,41655000.0,ON-ORBIT LARGE-SCALE CRYOGENIC PROPELLANT MANAGEMENT AND TRANSFER DEMONSTRATION,DEFINITIVE CONTRACT,['Q'],,,,,National Aeronautics and Space Administration,National Aeronautics and Space Administration,2021-05-03,2024-11-22,8a3a5525-3218-a488-db0e-4823241ceb90-C,,862,national-aeronautics-and-space-administration,CONT_AWD_80MSFC21CA002_8000_-NONE-_-NONE-
140395403,75ACF121F80034,GD,126275503.31,79115430.41,MISSION SUPPORT SERVICES FOR OFFICE OF REFUGEE RESETTLEMENT (ORR) AND THE OFFICE ON TRAFFICKING IN PERSONS (OTIP),DELIVERY ORDER,"['6', 'Q', 'U', 'X']",3959345.8,3274090.0,,,Department of Health and Human Services,Administration for Children and Families,2021-09-22,2025-09-21,455555be-773d-eab1-1e6b-7b94400b757e-C,,806,department-of-health-and-human-services,CONT_AWD_75ACF121F80034_7590_GS00F057CA_4732
138613791,FA861121F0024,LMT,339029140.0,,SENSOR ENHANCEMENT MATERIAL,DELIVERY ORDER,,,,,,Department of Defense,Department of the Air Force,2021-04-30,2024-08-31,6cf5fb1b-4988-d087-5dc1-70939d8fc6c4-C,,1173,department-of-defense,CONT_AWD_FA861121F0024_9700_FA861113D2850_9700
121758493,75FCMC21F0001,ACN,203599425.85,135202346.98,FEDERALLY FACILITATED MARKETPLACE (FFM) BRIDGE CONTRACT,DELIVERY ORDER,['Q'],,,,,Department of Health and Human Services,Centers for Medicare and Medicaid Services,2021-01-11,2022-07-15,d41a6b8a-9d6a-0d28-7e24-989e31731aad-C,,806,department-of-health-and-human-services,CONT_AWD_75FCMC21F0001_7530_HHSM500201600003I_7530
145001870,SPE60222FP484,A010950,27812699.46,,"8508588581!DISTILLATE,NAVAL",DELIVERY ORDER,['Q'],,,,,Department of Defense,Defense Logistics Agency,2021-10-04,2021-11-02,0ae2f924-ff89-04f5-4f89-ce2907cc4373-C,,1173,department-of-defense,CONT_AWD_SPE60222FP484_9700_SPE60221D0457_9700
138776781,SPE7MX21C0002,BAESY,327250538.31,114472614.39,"8508157598!MICROCIRCUIT,DIGITA",DEFINITIVE CONTRACT,['Q'],,,,,Department of Defense,Defense Logistics Agency,2021-05-06,2028-12-31,d288137a-df06-a6a2-d760-b57726572a8b-C,,1173,department-of-defense,CONT_AWD_SPE7MX21C0002_9700_-NONE-_-NONE-
140503990,36C10A22F0027,T,94734550.05,605927.96,FY2022 TPO AT&T NETWORX- CIRCUITS,DELIVERY ORDER,['Q'],,,,,Department of Veterans Affairs,Department of Veterans Affairs,2021-10-01,2023-03-31,0a1870fe-63cf-230c-7cff-41a3c552489b-C,,561,department-of-veterans-affairs,CONT_AWD_36C10A22F0027_3600_GS00T07NSD0007_4735
128954509,70B04C21F00000286,DELL,87259783.31,34896792.81,MICROSOFT LICENSES,BPA CALL,['Q'],,,,,Department of Homeland Security,U.S. Customs and Border Protection,2021-03-27,2024-03-27,3612de0a-9635-3846-a5a1-7f555fba52df-C,,766,department-of-homeland-security,CONT_AWD_70B04C21F00000286_7014_70RTAC21A00000001_7001
141148056,W9127821C0031,BLHI,35344186.0,,"CONSTRUCTION OF THE 325TH FIGHTER WING HEADQUARTERS, TYNDALL AFB, FL",DEFINITIVE CONTRACT,['Q'],,,,,Department of Defense,Department of the Army,2021-07-28,2024-06-17,f9896eaa-17af-6d01-f48f-cda50097f023-C,,1173,department-of-defense,CONT_AWD_W9127821C0031_9700_-NONE-_-NONE-
144799598,N0001921F0398,LMT,738233385.0,,"THE PURPOSE OF THIS DELIVERY ORDER IS TO ESTABLISH UCA LINE ITEMS FOR LOT 15 BATCH 1B ANCILLARY MISSION EQUIPMENT REQUIREMENTS FOR USAF, USN, AND USMC.",DELIVERY ORDER,,,,,,Department of Defense,Department of the Navy,2021-09-27,2026-12-31,6cf5fb1b-4988-d087-5dc1-70939d8fc6c4-C,,1173,department-of-defense,CONT_AWD_N0001921F0398_9700_N0001919G0008_9700
136930436,HC108421F0116,WWT,46640992.95,,STORAGE SOLUTION PROFESSIONAL SERVICES,DELIVERY ORDER,,,,,,Department of Defense,Defense Information Systems Agency,2021-04-06,2022-04-05,d96a4bfd-2da7-00c1-948d-44005efba1a1-C,,1173,department-of-defense,CONT_AWD_HC108421F0116_9700_HC102815D0002_9700
142566503,SPE2DS21F0078,ABT,51000000.0,,8508420509!BINAXNOWTEST KIT (EA),DELIVERY ORDER,['Q'],,,,,Department of Defense,Defense Logistics Agency,2021-08-05,2021-11-30,8cac1796-b994-6d54-94d4-00cd00e4a075-C,,1173,department-of-defense,CONT_AWD_SPE2DS21F0078_9700_SPE2DE21D0023_9700
137908876,N0001921F0013,NOC,26555216.0,,AN/AAR-47 PRODUCTION,DELIVERY ORDER,,,,,,Department of Defense,Department of the Navy,2021-04-15,2022-05-31,a398e5f8-3381-5983-2fb6-c60a3f701eb4-C,,1173,department-of-defense,CONT_AWD_N0001921F0013_9700_N0001920G0005_9700
141162694,W5J9CQ21F0015,LDOS,423440989.99,549088.11,HIGH-RESOLUTION THREE-DIMENSIONAL GEOSPATIAL INFORMATION (HR3DGI) OPERATIONS AND TECHNOLOGY INTEGRATION II (O&T II),DELIVERY ORDER,['Q'],,,,,Department of Defense,Department of the Army,2021-08-01,2025-09-05,e77c753b-6638-3d5b-442e-c1225ca669d6-C,,1173,department-of-defense,CONT_AWD_W5J9CQ21F0015_9700_GS00Q14OADU122_4732
128960270,FA820521F0302,LMT,179373938.29,,COMPREHENSIVE F-22 AIR VEHICLE SUSTAINMENT: WEAPON SYSTEM INTEGRITY PROGRAM,DELIVERY ORDER,['Q'],,,,,Department of Defense,Department of the Air Force,2021-01-01,2026-09-30,6cf5fb1b-4988-d087-5dc1-70939d8fc6c4-C,,1173,department-of-defense,CONT_AWD_FA820521F0302_9700_FA820518D0001_9700
140801252,15UC0C21F00002090,BAESY,37885626.84,-29767675.78,IT SUPPORT,DELIVERY ORDER,['Q'],,,,,Department of Justice,Federal Prison Industries / Unicor,2021-09-22,2022-09-21,2e141abe-fe8f-7ddc-e6a3-8bb2165836be-C,,252,department-of-justice,CONT_AWD_15UC0C21F00002090_1542_HHSN316201200007W_7529
144691316,FA807521F0077,CACI,59359362.43,6151564.25,"COUNTER UNMANNED AIRCRAFT SYSTEMS RESEARCH, DEVELOPMENT, AND SUSTAINMENT FOR THE DIGITAL INTEGRATION SUPPORT CELL AND NAVAL SURFACE WARFARE CENTER, CRANE DIVISION",DELIVERY ORDER,['Q'],,,,,Department of Defense,Department of the Air Force,2021-09-27,2026-09-26,28eee911-76af-7147-f760-4ec5f90bec2d-C,,1173,department-of-defense,CONT_AWD_FA807521F0077_9700_FA807518D0006_9700
140407546,FA862121C0001,BA,135574052.05,,F-15 SIMULATORS MISSION TRAINING CENTER FOLLOW ON SECTION 889,DEFINITIVE CONTRACT,,,,,,Department of Defense,Department of the Air Force,2021-07-01,2025-12-14,241d908a-e5e9-f275-b625-6b1f76859002-C,,1173,department-of-defense,CONT_AWD_FA862121C0001_9700_-NONE-_-NONE-
150214515,36C10G22K0025,TWST,60101986.34,,EXPRESS REPORT: FOR FY2022 3RD QTR UNDER THE CCN CONTRACT,DELIVERY ORDER,,,,,,Department of Veterans Affairs,Department of Veterans Affairs,2021-10-01,2022-09-30,bf1220c1-2373-042a-e8e1-33d5a29639d0-C,,561,department-of-veterans-affairs,CONT_AWD_36C10G22K0025_3600_36C10G21D0001_3600
124195710,693KA921F00049,SAIC,43403712.96,43399848.87,FOLLOW ON TASK ORDER FOR SURVEILLANCE AND BROADCAST SERVICES SUPPORT .,DELIVERY ORDER,['Q'],,,,,Department of Transportation,Federal Aviation Administration,2021-01-29,2022-06-30,20af0683-f17d-1f8f-38ee-2f11bd124559-C,,731,department-of-transportation,CONT_AWD_693KA921F00049_6920_693KA918D00010_6920
138686661,70T04021F7672N023,LDOS,31795293.03,15055416.92,TASK ORDER FOR CHECKPOINT AD-HOC DEPLOYMENT SERVICES,DELIVERY ORDER,['Q'],,,,,Department of Homeland Security,Transportation Security Administration,2021-07-31,2025-05-31,5ddb264f-234b-872c-2571-4731fde123c6-C,,766,department-of-homeland-security,CONT_AWD_70T04021F7672N023_7013_70T04021D7672N003_7013
136886940,FA807521F0035,LDOS,85859786.0,,"AUTONOMOUS AND AUTOMATED SYSTEMS DESIGN, SYSTEM ENGINEERING, AND LIFE-CYCLE DEVELOPMENT ENGINEERING FOR NAVAL INFORMATION WARFARE CENTER PACIFIC (NIWC PAC)",DELIVERY ORDER,,,,,,Department of Defense,Department of the Air Force,2021-03-12,2026-03-14,876f1621-8b69-d47c-7fa6-933c63b9da44-C,,1173,department-of-defense,CONT_AWD_FA807521F0035_9700_FA807518D0009_9700
131818718,FA865021F1015,LDOS,27692413.65,191703.77,THREAT ASSESSMENT AIRCRAFT PROTECTION DEFENSIVE ELECTRONIC WARFARE GENERAL DIME ACTIVITIES,DELIVERY ORDER,['Q'],,,,,Department of Defense,Department of the Air Force,2021-02-03,2026-02-04,876f1621-8b69-d47c-7fa6-933c63b9da44-C,,1173,department-of-defense,CONT_AWD_FA865021F1015_9700_FA865021D1014_9700
133876932,FA830721F0006,ACN,33003853.66,,JASC TEAM 1,DELIVERY ORDER,['Q'],,,,,Department of Defense,Department of the Air Force,2021-02-11,2024-08-18,d41a6b8a-9d6a-0d28-7e24-989e31731aad-C,,1173,department-of-defense,CONT_AWD_FA830721F0006_9700_FA830716D0021_9700
130290886,FA252121F0151,BA,32434271.0,,"INSTRUMENTATION RANGE SUPPORT PROGRAM - NAVAL AIR WARFARE CENTER (NAWC)/WEAPONS DIVISION (WD) AT CHINA LAKE FOR ROUTINE MATERIAL ACQUISITION, REMANUFACTURE AND FABRICATION",DELIVERY ORDER,['Q'],,,,,Department of Defense,Department of the Air Force,2021-01-14,2026-09-30,2e141abe-fe8f-7ddc-e6a3-8bb2165836be-C,,1173.0,department-of-defense,CONT_AWD_FA252121F0151_9700_FA252120D0005_9700
137880828,47QFSA21F0092,RTN,85039842.22,-90924.69,REMOTE ADVISE AND ASSIST VIRTUAL ACCOMPANY RAAVAK SERVICES SUPPORT,DELIVERY ORDER,['Q'],,,,,General Services Administration,Federal Acquisition Service,2021-07-15,2025-07-14,4a228748-a256-002e-de46-4dd145e98dfe-C,,614,general-services-administration,CONT_AWD_47QFSA21F0092_4732_GS00Q14OADU129_4732
137853583,1333BJ21F00280048,ACN,28528488.45,,BUCKET H ENTERPRISE SEARCH,DELIVERY ORDER,['Q'],,,,,Department of Commerce,U.S. Patent and Trademark Office,2021-07-15,2025-03-14,d41a6b8a-9d6a-0d28-7e24-989e31731aad-C,,183,department-of-commerce,CONT_AWD_1333BJ21F00280048_1344_47QTCK18D0036_4732
137553111,HQ085321C0002,LMT,1123726103.12,,KSA PHASE II,DEFINITIVE CONTRACT,,,,,,Department of Defense,Missile Defense Agency,2021-03-31,2027-08-31,779b3e3e-364f-7cbc-28a4-a2b4484b86f4-C,,1173,department-of-defense,CONT_AWD_HQ085321C0002_9700_-NONE-_-NONE-
137312443,W15QKN21F0097,GD,216564607.78,,M795 METAL PARTS,DELIVERY ORDER,['Q'],,,,,Department of Defense,Department of the Army,2021-03-24,2025-04-30,106fad1c-0ab3-3ef9-fbce-ce27e10778fe-C,,1173,department-of-defense,CONT_AWD_W15QKN21F0097_9700_W15QKN19D0084_9700
137299859,FA822021F0009,BA,30811586.06,,T-38C AVIONICS COMPONENT INTEGRATION AND CONTRACTOR LOGISTICS SUPPORT,DELIVERY ORDER,['Q'],,,,,Department of Defense,Department of the Air Force,2021-04-01,2022-03-31,241d908a-e5e9-f275-b625-6b1f76859002-C,,1173,department-of-defense,CONT_AWD_FA822021F0009_9700_FA821116D0001_9700
144980984,FA862022F4800,LHX,74663442.0,,BIG SAFARI,DELIVERY ORDER,,,,,,Department of Defense,Department of the Air Force,2021-10-01,2024-10-31,9a8e6a0a-4913-b84b-e426-8fdaeb54a427-C,,1173,department-of-defense,CONT_AWD_FA862022F4800_9700_FA862021G4027_9700
137553103,HC101321C0003,BA,110481456.56,,SERVICES,DEFINITIVE CONTRACT,,,,,,Department of Defense,Defense Information Systems Agency,2021-03-31,2025-03-31,e2d7a16e-029f-ce0e-97dc-8b32fa6dc1d1-C,,1173,department-of-defense,CONT_AWD_HC101321C0003_9700_-NONE-_-NONE-
130346355,75R60221C00004,OPT,169066306.81,157453342.59,"CLAIMS REIMBURSEMENT TO HEALTH CARE PROVIDERS AND FACILITIES FOR TESTING, TREATMENT AND VACCINE ADMINISTRATION FOR THE UNINSURED.",DEFINITIVE CONTRACT,"['M', 'P']",169066306.81,157453342.59,,,Department of Health and Human Services,Health Resources and Services Administration,2021-04-17,2024-10-16,3a233de4-91c7-d52c-b518-fc109bde010f-C,,806,department-of-health-and-human-services,CONT_AWD_75R60221C00004_7526_-NONE-_-NONE-
149861877,SP060222FA011,VLO,347137360.4,,"14000000 USG OF TURBINE FUEL, AVIATION (JP8)",DELIVERY ORDER,,,,,,Department of Defense,Defense Logistics Agency,2021-10-19,2021-10-26,47c1ba83-c53d-4e92-e987-26c47ac8fb00-C,,1173,department-of-defense,CONT_AWD_SP060222FA011_9700_SP060220D0649_9700
138632367,W56HZV21F0194,OSK,38339547.0,,"FAMILY OF HEAVY TACTICAL VEHICLE (FHTV) IV THREE YEAR EXTENSION (OY6-OY8) IS A FIRM-FIXED-PRICE (FFP) TARGET SOLE SOURCE, REQUIREMENTS CONTRACT AWARDED TO OSHKOSH DEFENSE, LLC WITH ESTABLISHED RANGE PRICING.",DELIVERY ORDER,,,,,,Department of Defense,Department of the Army,2021-04-29,2023-10-31,5c99e12d-99a6-52a3-d019-34a3855a6ed7-C,,1173,department-of-defense,CONT_AWD_W56HZV21F0194_9700_W56HZV15D0031_9700
138610805,FA867221C0005,RTN,427864364.0,,SMALL DIAMETER BOMB INCREMENT II,DEFINITIVE CONTRACT,['Q'],,,,,Department of Defense,Department of the Air Force,2021-04-29,2026-09-18,01c4a3a3-b4c5-ce4e-822b-d17f09985001-C,,1173,department-of-defense,CONT_AWD_FA867221C0005_9700_-NONE-_-NONE-
127681654,N0038321F0W20,TXT,129611688.04,,NAVY AVIATION - H-1 PBL YEAR 2 DELIVERY ORDER,DELIVERY ORDER,,,,,,Department of Defense,Department of the Navy,2021-01-01,2021-12-31,9f062daf-f500-7d41-53d7-5248be76b69f-C,,1173,department-of-defense,CONT_AWD_N0038321F0W20_9700_N0038320DW201_9700
135849623,N0002421C4455,BAESY,62112691.25,42337688.53,USS RUSSELL (DDG 59) FY21 SELECTED RESTRICTED AVAILABILITY (SRA),DEFINITIVE CONTRACT,['Q'],,,,,Department of Defense,Department of the Navy,2021-07-26,2022-12-16,e35a8de4-8796-4af3-56c6-9583f780ab11-C,,1173,department-of-defense,CONT_AWD_N0002421C4455_9700_-NONE-_-NONE-
146556429,FA880622F0009,LHX,86705716.75,,ADVANCED TRACKING AND LAUNCH ANALYSIS SYSTEM,DELIVERY ORDER,,,,,,Department of Defense,Department of the Air Force,2021-12-01,2024-11-30,b3fdaac6-a70d-abb7-f1b8-fce717f51597-C,,1173,department-of-defense,CONT_AWD_FA880622F0009_9700_FA880621D0003_9700
130127866,W31P4Q21F0033,SAIC,416679822.28,197840.87,"SINGLE AWARD TO AGAINST GSA OASIS UR (POOL 5A) FOR  HWIL AVIATION SYSTEMS ENGINEERING SERVICES TO PROVIDE FULL LIFE CYCLE SUPPORT FOR HIGH FIDELITY AVIATION SYSTEM SIMULATORS, HWIL CAPABILITIES, AND ASSOCIATED TEST TOOLS IN SUPPORT OF S3I.",DELIVERY ORDER,['Q'],,,,,Department of Defense,Department of the Army,2021-01-06,2026-07-05,20af0683-f17d-1f8f-38ee-2f11bd124559-C,,1173,department-of-defense,CONT_AWD_W31P4Q21F0033_9700_GS00Q14OADU516_4732
137534407,N0016421F3016,SAIC,54625351.61,,"NON-PERSONAL ENGINEERING, TECHNICAL, LOGISTICS, CONFIGURATION MANAGEMENT, DATA MANAGEMENT, AND PROGRAM MANAGEMENT SUPPORT SERVICES FOR THE STRATEGIC SYSTEMS HARDWARE DIVISION (GXW).",DELIVERY ORDER,['Q'],,,,,Department of Defense,Department of the Navy,2021-03-30,2025-03-29,20af0683-f17d-1f8f-38ee-2f11bd124559-C,,1173,department-of-defense,CONT_AWD_N0016421F3016_9700_N0017819D8470_9700
96656739,50310220C0045,MET,40354523.43,27407134.59,SEC SUPPLEMENTAL BENEFITS PLAN (SBP),DEFINITIVE CONTRACT,['Q'],,,,,Securities and Exchange Commission,Securities and Exchange Commission,2021-01-01,2025-12-31,6c2f68fb-9fa6-feff-f9cc-798007b2829a-C,,680,securities-and-exchange-commission,CONT_AWD_50310220C0045_5000_-NONE-_-NONE-
137300016,N0038321FN700,RTN,28055766.86,,"TRANSMITTER,RADAR",DELIVERY ORDER,,,,,,Department of Defense,Department of the Navy,2021-03-24,2024-09-30,c7207b2b-80c4-7b9b-2c0a-265e93256685-C,,1173,department-of-defense,CONT_AWD_N0038321FN700_9700_N0038318GN701_9700
149861878,SP060222FA012,VLO,62002464.64,,"14000000 USG OF TURBINE FUEL, AVIATION (JP8)",DELIVERY ORDER,,,,,,Department of Defense,Defense Logistics Agency,2021-12-28,2021-12-28,47c1ba83-c53d-4e92-e987-26c47ac8fb00-C,,1173,department-of-defense,CONT_AWD_SP060222FA012_9700_SP060220D0649_9700
134227650,W56HZV21F0120,ACRW,43935274.0,,CONTRACT FOR THE PRODUCTION OF LINE OF COMMUNICATION BRIDGE SYSTEMS.,DELIVERY ORDER,['Q'],,,,,Department of Defense,Department of the Army,2021-03-05,2021-09-30,3dbe5bbc-7da3-10a0-6463-10a6b26cf321-C,,1173,department-of-defense,CONT_AWD_W56HZV21F0120_9700_W56HZV19D0061_9700
144687469,HR001121C0149,BA,40941125.0,,DARPA RESEARCH PROGRAM,DEFINITIVE CONTRACT,['Q'],,,,,Department of Defense,Defense Advanced Research Projects Agency,2021-09-23,2024-09-30,2bf5d203-604f-4c6c-7c7b-4ad81a350613-C,,1173,department-of-defense,CONT_AWD_HR001121C0149_9700_-NONE-_-NONE-
140447890,70CTD021FR0000232,ACN,44264111.58,22927997.71,CYBER DEFENSE AND INTELLIGENCE SUPPORT (CDISS) TASK ORDER. 11 MONTH BASE PERIOD AND 4 OPTION YEARS.,DELIVERY ORDER,['Q'],,,,,Department of Homeland Security,U.S. Immigration and Customs Enforcement,2021-09-28,2025-08-27,d41a6b8a-9d6a-0d28-7e24-989e31731aad-C,,766,department-of-homeland-security,CONT_AWD_70CTD021FR0000232_7012_HHSN316201200002W_7529
134014387,70SBUR21F00000089,GD,130585958.47,57528019.91,CONTACT CENTER TIER 1 (CCT1)- THE PURPOSE OF THIS TASK ORDER IS TO PROVIDE TIER 0 AND TIER 1 LEVEL SUPPORT FOR THE USCIS CONTACT CENTER BY ASSISTING THE PUBLIC WITH INFORMATION ON IMMIGRATION RELATED SERVICES AND BENEFITS.,DELIVERY ORDER,['Q'],,,,,Department of Homeland Security,U.S. Citizenship and Immigration Services,2021-08-13,2025-08-12,455555be-773d-eab1-1e6b-7b94400b757e-C,,766,department-of-homeland-security,CONT_AWD_70SBUR21F00000089_7003_GS35F393CA_4732
126548297,2031ZA21F00205,CR,149654286.4,103017780.4,CURRENCY PAPER ORDER,DELIVERY ORDER,['Q'],,,,,Department of the Treasury,Bureau of Engraving and Printing,2021-02-19,2022-09-21,57d990eb-6c0b-82fd-a854-5b67e14a3b54-C,,456,department-of-the-treasury,CONT_AWD_2031ZA21F00205_2041_2031ZA21D00002_2041
144330691,W912HY21C0015,GLDD,178230590.88,30989521.04,"DREDGING - NEW WORK,",DEFINITIVE CONTRACT,['Q'],,,,,Department of Defense,Department of the Army,2021-10-01,2024-05-22,a8ce365d-613d-3362-4d1d-16a5186a9d24-C,,1173,department-of-defense,CONT_AWD_W912HY21C0015_9700_-NONE-_-NONE-
146332355,N0001922F0981,RR,178861136.25,,"PROCURE EFHS, REPAIR OF LOW POWER REMOVALS, SITE SUPPORT, MEU SUPPORT, AND PROGRAM MGT",DELIVERY ORDER,['Q'],,,,,Department of Defense,Department of the Navy,2021-12-01,2023-09-30,ae61fda0-8744-9361-a177-0ffcabb70c2e-C,,1173,department-of-defense,CONT_AWD_N0001922F0981_9700_N0001920D0004_9700
148127916,W9128F22C0003,VTH,160506584.09,,E.O.14042 FORT RANDALL MAJOR UNIT REHABILITATION,DEFINITIVE CONTRACT,['Q'],,,,,Department of Defense,Department of the Army,2021-12-15,2032-07-08,3e9a1ade-07b4-e66c-f052-92003a37dfd3-C,,1173,department-of-defense,CONT_AWD_W9128F22C0003_9700_-NONE-_-NONE-
134015954,HT003821F0008,LDOS,334928993.97,36202415.39,"PROGRAM MANAGEMENT, ENTERPRISE SUSTAINMENT, AND LICENSE MANAGEMENT FOR MHS GENESIS.",DELIVERY ORDER,['Q'],,,,,Department of Defense,Defense Health Agency,2021-07-29,2022-07-28,5ddb264f-234b-872c-2571-4731fde123c6-C,,1173,department-of-defense,CONT_AWD_HT003821F0008_9700_N0003915D0044_9700
137040692,FA862021F4816,LHX,37033776.0,,BIG SAFARI,DELIVERY ORDER,['Q'],,,,,Department of Defense,Department of the Air Force,2021-03-22,2024-08-12,9a8e6a0a-4913-b84b-e426-8fdaeb54a427-C,,1173,department-of-defense,CONT_AWD_FA862021F4816_9700_FA862016G3027_9700
147081242,FA853422F0003,LEO,28088039.76,,TUNNER LOADER OVERHAUL,DELIVERY ORDER,,,,,,Department of Defense,Department of the Air Force,2021-12-31,2023-01-31,69e0bc60-3c33-981b-b6f2-080ec54f14f0-C,,1173,department-of-defense,CONT_AWD_FA853422F0003_9700_FA851914D0001_9700
144221481,70CTD022FR0000002,BAH,51878200.81,28508134.61,"EO14042 DHS ICE REQUIRES DESIGN, DEVELOPMENT AND DATA ANALYTICS SUPPORT FOR THE DHS ICE HOMELAND SECURITY INVESTIGATIONS (HSI) REPOSITORY FOR ANALYTICS IN VIRTUALIZED ENVIRONMENT (RAVEN) PROGRAM.",DELIVERY ORDER,['Q'],,,,,Department of Homeland Security,U.S. Immigration and Customs Enforcement,2021-12-03,2025-09-28,ffca72e5-fba2-798a-6969-2a6c45e9f985-C,,766,department-of-homeland-security,CONT_AWD_70CTD022FR0000002_7012_GS35F386DA_4732
142501236,47QFSA22F0014,DELL,145874196.0,,ARMY O365 SUBSCRIPTION LICENSES DELL,BPA CALL,['Q'],,,,,General Services Administration,Federal Acquisition Service,2021-11-01,2022-10-31,d49f36ae-b747-42e3-5257-6787a69e51e9-C,,614,general-services-administration,CONT_AWD_47QFSA22F0014_4732_47QTCA21A0002_4732
137557111,FA863421F0034,BA,32494773.0,,"NON-ACAT, F15SA MODERNIZATION, BLOCK CYCLE UPGRADE 3  (BCU3)",DELIVERY ORDER,,,,,,Department of Defense,Department of the Air Force,2021-03-31,2023-04-30,9ab85632-42cc-5fa4-2a9c-d734034ddd33-C,,1173.0,department-of-defense,CONT_AWD_FA863421F0034_9700_FA863421D2703_9700
140417627,N0001921F0213,COL,55891678.0,,HPTS-M VAL A/C INSTALLATION,DELIVERY ORDER,,,,,,Department of Defense,Department of the Navy,2021-06-30,2025-09-30,fbaf2f7a-d2a8-a4b8-2388-3abc483658a7-C,,1173,department-of-defense,CONT_AWD_N0001921F0213_9700_N0001919G0031_9700
132923199,47PM0721F0110,HON,208416649.86,3980130.08,NEW CONTRACT AWARD DOCUMENT TO MAKE THE CURRENT CONTRACT INTERFACEABLE WITH PEGASYS ONLY.,DELIVERY ORDER,['Q'],,,,,General Services Administration,Public Buildings Service,2021-04-01,2034-12-31,0eedf238-8a2b-ad43-3239-d399ca132f85-C,,614,general-services-administration,CONT_AWD_47PM0721F0110_4740_DEAM3609GO29035_8900
140470507,693JJ321F000370,SAIC,87492772.25,80798183.15,TO AWARD A TASK ORDER FOR EITSS INFRASTRUCTURE SUPPORT SERVICES.,DELIVERY ORDER,['Q'],,,,,Department of Transportation,Federal Highway Administration,2021-09-20,2024-06-30,900dcfe5-fb04-162f-2149-75b51d42021a-C,,731,department-of-transportation,CONT_AWD_693JJ321F000370_6925_693JK420D500002_6901
136886994,HT003821F0009,LDOS,35660087.18,4264.42,"PRODUCT IMPROVEMENT ENGINEERING TO SUPPORT THE AGILE DEVELOPMENT, CONFIGURATION, AND TEST OF NEW CAPABILITIES FOR MHS GENESIS.",DELIVERY ORDER,['Q'],,,,,Department of Defense,Defense Health Agency,2021-03-01,2024-08-30,5ddb264f-234b-872c-2571-4731fde123c6-C,,1173,department-of-defense,CONT_AWD_HT003821F0009_9700_N0003915D0044_9700
139553519,70T04021F7672N032,LDOS,128374184.79,73823029.68,THIS TASK ORDER IS FOR CPSS MID-SIZE DEPLOYMENT SERVICES RELATED TO THE DEPLOYMENT OF CHECKPOINT SCREENING EQUIPMENT.,DELIVERY ORDER,['Q'],,,,,Department of Homeland Security,Transportation Security Administration,2021-08-27,2025-09-30,5ddb264f-234b-872c-2571-4731fde123c6-C,,766.0,department-of-homeland-security,CONT_AWD_70T04021F7672N032_7013_70T04021D7672N003_7013
138632403,W911W621F0006,RTN,105975194.89,,PH 1.2 INTEGRATION IMPROVED TURBINE ENG,DELIVERY ORDER,['Q'],,,,,Department of Defense,Department of the Army,2021-04-23,2025-09-30,d64537c9-5482-dd40-cdd4-5cf07b66329d-C,,1173,department-of-defense,CONT_AWD_W911W621F0006_9700_W911W621D0001_9700
134015175,FA807521F0017,BAH,119244078.0,13983181.25,"GROUND SYSTEM TECHNOLOGY AND LABORATORY DEVELOPMENT RESEARCH, DEVELOPMENT AND ENGINEERING COMMAND, UNITED STATES ARMY GROUND VEHICLE SYSTEMS CENTER",DELIVERY ORDER,['Q'],,,,,Department of Defense,Department of the Air Force,2021-02-26,2026-02-28,ffca72e5-fba2-798a-6969-2a6c45e9f985-C,,1173,department-of-defense,CONT_AWD_FA807521F0017_9700_FA807518D0004_9700
144210358,N0001921F0735,RTX,65487209.0,,MINI MODULES,DELIVERY ORDER,,,,,,Department of Defense,Department of the Navy,2021-09-03,2023-06-30,62e141b3-4887-5b39-6b75-eace9326395c-C,,1173,department-of-defense,CONT_AWD_N0001921F0735_9700_N0001920D0013_9700
131498747,70CTD021FR0000053,WYY,69738653.91,29744503.57,DHS CWMS IDIQ TASK ORDER,DELIVERY ORDER,['Q'],,,,,Department of Homeland Security,U.S. Immigration and Customs Enforcement,2021-03-16,2025-03-16,094ab099-c614-d129-225d-bc1cbf54de77-C,,766,department-of-homeland-security,CONT_AWD_70CTD021FR0000053_7012_70RTAC21D00000001_7001
144744240,W912BV21C0014,ANDRZ,91821316.0,1481628.82,RS KERR TURBINE & GENERATOR REHABILITATION,DEFINITIVE CONTRACT,['Q'],,,,,Department of Defense,Department of the Army,2021-09-10,2029-07-22,2c6116eb-1bf4-a15f-5152-66bfb6e67516-C,,1173,department-of-defense,CONT_AWD_W912BV21C0014_9700_-NONE-_-NONE-
134182468,FA855321F0006,RR,34530783.93,,C-130 MISSIONCARE SUPPORT FOR THE ROYAL NORWEGIAN AIR FORCE,DELIVERY ORDER,,,,,,Department of Defense,Department of the Air Force,2021-03-06,2024-12-31,ae61fda0-8744-9361-a177-0ffcabb70c2e-C,,1173,department-of-defense,CONT_AWD_FA855321F0006_9700_FA855320D0003_9700
136866252,N0001921F0387,RR,50227401.68,,USMC&USMCR YR5,DELIVERY ORDER,,,,,,Department of Defense,Department of the Navy,2021-05-01,2022-04-30,ae61fda0-8744-9361-a177-0ffcabb70c2e-C,,1173,department-of-defense,CONT_AWD_N0001921F0387_9700_N0001917D0090_9700
144509548,FA821421F0011,NOC,32432424.71,,ENGINEERING SERVICES IN SUPPORTS OF TRAINERS CLS SUSTAINMENT,DELIVERY ORDER,,,,,,Department of Defense,Department of the Air Force,2021-08-26,2025-08-31,c2e50188-5668-debe-d1a4-b74551af9e03-C,,1173.0,department-of-defense,CONT_AWD_FA821421F0011_9700_FA821421D0002_9700
130290931,HDTRA121F0005,LDOS,26708942.23,12811698.48,"NUCLEAR, CHEMICAL, BIOLOGICAL, RADIOLOGICAL, AND HIGH EXPLOSIVE ANALYSIS TOOLSET",DELIVERY ORDER,['Q'],,,,,Department of Defense,Defense Threat Reduction Agency,2021-01-14,2025-08-10,5ddb264f-234b-872c-2571-4731fde123c6-C,,1173,department-of-defense,CONT_AWD_HDTRA121F0005_9700_HDTRA114D0008_9700
134215257,FA813421F1007,BA,31758681.0,,ENGINEERING SERVICES FOR THE AVIONICS SYSTEM UPDATE.,DELIVERY ORDER,['Q'],,,,,Department of Defense,Department of the Air Force,2021-03-05,2024-12-23,e2d7a16e-029f-ce0e-97dc-8b32fa6dc1d1-C,,1173,department-of-defense,CONT_AWD_FA813421F1007_9700_FA810617D0002_9700
138611969,W912DQ21C1027,LNC,273768414.02,37503259.68,ARM CID ARG KC LEVEE AND FLOODWALL RAISES,DEFINITIVE CONTRACT,"['C', 'Q']",,,,,Department of Defense,Department of the Army,2021-05-17,2026-08-07,28ce02f2-48ce-8fee-ba6a-3606fda70008-C,,1173,department-of-defense,CONT_AWD_W912DQ21C1027_9700_-NONE-_-NONE-
139988403,70CMSW21FR0000115,CACI,86445694.92,45448315.12,TACCOMM OPERATIONS AND MAINTENANCE SUPPORT SERVICE,DELIVERY ORDER,['Q'],,,,,Department of Homeland Security,U.S. Immigration and Customs Enforcement,2021-09-18,2025-03-17,28eee911-76af-7147-f760-4ec5f90bec2d-C,,766,department-of-homeland-security,CONT_AWD_70CMSW21FR0000115_7012_70B04C19D00000046_7014
145001832,SPE4AX22F0090,GE,27276530.58,,8508588909!PBL SERVICE SUPPORT,DELIVERY ORDER,['Q'],,,,,Department of Defense,Defense Logistics Agency,2021-10-04,2021-12-31,61dfb4da-ba2f-398f-13e9-5792607bf051-C,,1173,department-of-defense,CONT_AWD_SPE4AX22F0090_9700_SPE4AX15D9412_9700
134016750,N5523621F8190,BAESY,46394082.4,37559422.81,C420A USS MANCHESTER (LCS-14) FY21 DSRA DELIVERY ORDER,DELIVERY ORDER,['Q'],,,,,Department of Defense,Department of the Navy,2021-07-12,2022-08-05,e35a8de4-8796-4af3-56c6-9583f780ab11-C,,1173,department-of-defense,CONT_AWD_N5523621F8190_9700_N0002418D4325_9700
140712622,HT003821F0024,LDOS,31858257.0,,"DEPLOYMENT SERVICES FOR MHS GENESIS, INCLUDING SITE PREPARATION, DEPLOYMENT, TRAINING, CHANGE MANAGEMENT, AND POST-INSTALLATION SUPPORT REQUIRED TO DEPLOY THE ELECTRONIC HEALTH RECORD SOLUTION TO THE SITES IN EACH WAVE.",DELIVERY ORDER,,,,,,Department of Defense,Defense Health Agency,2021-07-14,2023-03-31,5ddb264f-234b-872c-2571-4731fde123c6-C,,1173,department-of-defense,CONT_AWD_HT003821F0024_9700_N0003915D0044_9700
128990951,FA862121F0003,NOC,26884286.07,,DISTRIBUTED MISSION OPERATIONS NETWORK 2.0,DELIVERY ORDER,['Q'],,,,,Department of Defense,Department of the Air Force,2021-12-31,2021-12-31,03101b23-0561-1108-9afd-cf94e68bc6ef-C,,1173,department-of-defense,CONT_AWD_FA862121F0003_9700_FA862113D6318_9700
138611901,80KSC021CA006,SPACEX,178837578.7,128503429.0,EUROPA CLIPPER LAUNCH SERVICE,DEFINITIVE CONTRACT,['Q'],,,,,National Aeronautics and Space Administration,National Aeronautics and Space Administration,2021-07-23,2025-01-31,8a3a5525-3218-a488-db0e-4823241ceb90-C,,862,national-aeronautics-and-space-administration,CONT_AWD_80KSC021CA006_8000_-NONE-_-NONE-
126262001,FA882321F1001,LMT,48544910.0,,SUSTAINMENT SERVICES,DELIVERY ORDER,['Q'],,,,,Department of Defense,Department of the Air Force,2021-01-01,2021-12-31,ac6353b4-94a7-285e-be38-bd8a7af11663-C,,1173,department-of-defense,CONT_AWD_FA882321F1001_9700_FA882319D0001_9700
139815908,N6133121F3004,SAIC,35286341.34,53703.1,JOINT EXPEDITIONARY COMMAND AND CONTROL FAMILY OF SYSTEMS SOFTWARE SUPPORT.,DELIVERY ORDER,['Q'],,,,,Department of Defense,Department of the Navy,2021-06-15,2025-06-14,20af0683-f17d-1f8f-38ee-2f11bd124559-C,,1173,department-of-defense,CONT_AWD_N6133121F3004_9700_N0017819D8470_9700
139018519,FA872321F6009,RTN,29528002.11,,"COBRA DANE COOLING AND SUPERVISORY CONTROL AND DATA ACQUISITION (SCADA), METASYS - REPLACEMENT (CASM-R1)",DELIVERY ORDER,['Q'],,,,,Department of Defense,Department of the Air Force,2021-05-18,2024-04-26,58a3ffac-2d66-4d0d-f187-7df56e821eaa-C,,1173,department-of-defense,CONT_AWD_FA872321F6009_9700_FA872318D0003_9700
143422457,SPRPA121FLB01,BA,26810486.0,,"FLAP SHROUD,AIRCRAF",DELIVERY ORDER,,,,,,Department of Defense,Defense Logistics Agency,2021-08-13,2024-05-08,241d908a-e5e9-f275-b625-6b1f76859002-C,,1173,department-of-defense,CONT_AWD_SPRPA121FLB01_9700_SPRPA114D002U_9700
131703297,80GSFC21C0011,LMT,143313220.02,54708164.5,MULTI-SLIT SOLAR EXPLORER (MUSE) MISSION PHASE A,DEFINITIVE CONTRACT,['Q'],,,,,National Aeronautics and Space Administration,National Aeronautics and Space Administration,2021-04-26,2027-07-01,4de935fd-7eb9-654c-bd76-c9bd3a6943db-C,,862,national-aeronautics-and-space-administration,CONT_AWD_80GSFC21C0011_8000_-NONE-_-NONE-
139770221,W912ER21C0013,CWX,34515247.0,,"CONSTRUCT SHORE TO SHIP UTILITIES, AT NAVAL SUPPORT ACTIVITY (NSA) WATERFRONT, LOCATED AT  MANAMA BAHRAIN",DEFINITIVE CONTRACT,['Q'],,,,,Department of Defense,Department of the Army,2021-06-30,2024-05-06,77b5a754-9c4d-53e1-0ff0-2f44523ccc8f-C,,1173,department-of-defense,CONT_AWD_W912ER21C0013_9700_-NONE-_-NONE-
144771917,W15P7T21F0083,COL,138956120.49,,MANPACK FY21 COMPETITIVE PROCUREMENT.,DELIVERY ORDER,,,,,,Department of Defense,Department of the Army,2021-09-23,2028-02-15,fbaf2f7a-d2a8-a4b8-2388-3abc483658a7-C,,1173,department-of-defense,CONT_AWD_W15P7T21F0083_9700_W15P7T16D0003_9700
138607679,12760421F0181,ACN,28711763.02,22716440.84,DEPARTMENT OF AGRICULTURE INFORMATION TECHNOLOGY SUPPORT SERVICES (DAITSS),BPA CALL,"['AAB', 'Q', 'X', 'Z']",,,9194652.47,3273930.55,Department of Agriculture,Forest Service,2021-07-29,2025-01-31,d41a6b8a-9d6a-0d28-7e24-989e31731aad-C,,95,department-of-agriculture,CONT_AWD_12760421F0181_12C2_12760420A0003_12C2
147392377,SPRWA122F0005,BAESY,42000000.0,,ALR-56M RADAR WARNING RECEIVER SHIPSETS,DELIVERY ORDER,,,,,,Department of Defense,Defense Logistics Agency,2021-12-30,2024-05-24,13daa6b0-3ce1-616f-772d-8926ca88bdba-C,,1173,department-of-defense,CONT_AWD_SPRWA122F0005_9700_SPE4AX15D9441_9700
145816781,HC108422F0028,DELL,174173555.7,,MICROSOFT ADDITIONAL PRODUCTS,BPA CALL,,,,,,Department of Defense,Defense Information Systems Agency,2021-10-29,2022-10-31,3612de0a-9635-3846-a5a1-7f555fba52df-C,,1173,department-of-defense,CONT_AWD_HC108422F0028_9700_HC108420A0003_9700
140339653,M6700421F3000,CGI,31874521.48,,PLANS AND DATA SUPPORT SERVICES,DELIVERY ORDER,['Q'],,,,,Department of Defense,Department of the Navy,2021-12-01,2024-12-31,d86df7af-f6c1-a07a-ccc4-ec74331bafc5-C,,1173,department-of-defense,CONT_AWD_M6700421F3000_9700_N0017819D7341_9700
136901851,N0001921C0060,NOC,311084154.78,,TRITON SUSTAINING AND ENGINEERING,DEFINITIVE CONTRACT,,,,,,Department of Defense,Department of the Navy,2021-03-10,2025-03-27,fe5032b4-c053-b1d1-c4c9-7d6d9e770723-C,,1173,department-of-defense,CONT_AWD_N0001921C0060_9700_-NONE-_-NONE-
134015190,FA810721F1004,BA,29998387.54,,B-1/B52 ENGINEERING SERVICES (BBES),DELIVERY ORDER,['Q'],,,,,Department of Defense,Department of the Air Force,2021-03-01,2022-02-28,15a7d2ee-b7aa-fe37-36ec-ff299338b908-C,,1173,department-of-defense,CONT_AWD_FA810721F1004_9700_FA810719D0001_9700
147081277,N0001922F1175,TXT,31301836.93,,"ISR SUPPORT FOR OIR LOT 1, SITE 1",DELIVERY ORDER,,,,,,Department of Defense,Department of the Navy,2021-12-24,2024-12-23,fcd5772b-feb1-830f-fce9-45126a639593-C,,1173,department-of-defense,CONT_AWD_N0001922F1175_9700_N0001921G0008_9700
139605919,W58RGZ21C0016,LMT,262467769.44,,AH-64 APACHE MODERNIZED TARGET ACQUISITION DESIGNATION SIGHT/PILOT NIGHT VISION SENSOR (MTADS/PNVS) PERFORMANCE BASED LOGISTICS (PBL),DEFINITIVE CONTRACT,['Q'],,,,,Department of Defense,Department of the Army,2021-07-01,2025-10-31,695d5739-ecc3-8484-ba2b-f9c8b4652a4a-C,,1173,department-of-defense,CONT_AWD_W58RGZ21C0016_9700_-NONE-_-NONE-
141083067,N0018921F3023,GD,34802130.0,4801270.53,"THE JOINT STAFF, JOINT INTEGRATED AIR AND MISSILE DEFENSE ORGANIZATION (JIAMDO), SYSTEMS ENGINEERING AND TECHNICAL ASSISTANCE (SETA) SUPPORT SERVICES.",DELIVERY ORDER,['Q'],,,,,Department of Defense,Department of the Navy,2021-08-24,2025-04-23,455555be-773d-eab1-1e6b-7b94400b757e-C,,1173,department-of-defense,CONT_AWD_N0018921F3023_9700_N0017819D7693_9700
145788352,N0003922F7329,LDOS,61220517.49,,FOR THE PROVISION OF NON-PERSONAL SERVICES IAW SMIT CONTRACT AND THIS ORDER'S REQUIREMENT.,DELIVERY ORDER,,,,,,Department of Defense,Department of the Navy,2021-10-28,2022-09-30,5ddb264f-234b-872c-2571-4731fde123c6-C,,1173,department-of-defense,CONT_AWD_N0003922F7329_9700_N0003920D0054_9700
144950666,N0001921F0120,GE,134458910.0,,"THIS DELIVERY ORDER PROCURES F414 SPARE ENGINES AND MODULES.  RECLAMATION CREDITS ARE USED TO PROCURE CLINS 0010, 0011, AND 0012.",DELIVERY ORDER,,,,,,Department of Defense,Department of the Navy,2021-09-30,2024-01-31,66092799-9c72-fde6-e008-9d381191aed2-C,,1173,department-of-defense,CONT_AWD_N0001921F0120_9700_N0001921D0003_9700
127928236,47QFNA21F0048,BAH,112743045.07,,FUNCTIONAL MANAGEMENT SUPPORT SERVICES FOR CIVIL ENGINEERING IT SUPPORT SERVICES,DELIVERY ORDER,['Q'],,,,,General Services Administration,Federal Acquisition Service,2021-02-05,2025-02-04,ffca72e5-fba2-798a-6969-2a6c45e9f985-C,,614,general-services-administration,CONT_AWD_47QFNA21F0048_4732_47QTCK18D0004_4732
138806610,75FCMC21F0080,TSTC,35369908.4,25759787.76,CLINICAL DATA ABSTRACTION CENTER (CDAC): DATA VALIDATION CONTRACT,DELIVERY ORDER,['Q'],,,,,Department of Health and Human Services,Centers for Medicare and Medicaid Services,2021-09-23,2025-09-22,505c4513-ce60-a739-a179-fd5a47a2297e-C,,806,department-of-health-and-human-services,CONT_AWD_75FCMC21F0080_7530_HHSN316201200100W_7529
128975858,FA811021F0003,NOC,45605536.66,,B-2 SOFTWARE SUSTAINMENT,DELIVERY ORDER,['Q'],,,,,Department of Defense,Department of the Air Force,2021-01-01,2021-12-31,a4e18d9e-ec75-2c26-9475-543f727fdbe7-C,,1173,department-of-defense,CONT_AWD_FA811021F0003_9700_FA861614D6060_9700
140446003,36C10D21N0013,IBM,79418886.25,79149142.36,LOGICAL FOLLOW-ON TASK ORDER FOR ADDITIONAL PRESUMPTIVE .,DELIVERY ORDER,"['N', 'Q']",20335810.66,20335810.66,,,Department of Veterans Affairs,Department of Veterans Affairs,2021-09-30,2023-09-29,6ffc4386-853e-ef89-67e8-22c28ddcf15c-C,,561,department-of-veterans-affairs,CONT_AWD_36C10D21N0013_3600_36C10E19D0018_3600
140542698,W56HZV21F0276,BA,25112442.53,,"THIS TASK ORDER IS FOR RECURRING TERM EFFORTS IN SUPPORT OF SYSTEM TECHNICAL SUPPORT (STS), SUSTAINMENT SYSTEM TECHNICAL SUPPORT (SSTS), AND POST PRODUCTION SUSTAINMENT SUPPORT (PPSS) SERVICES FOR THE AMPV/ M113 FAMILY OF VEHICLES.",DELIVERY ORDER,['Q'],,,,,Department of Defense,Department of the Army,2021-07-07,2025-07-06,4e82bc60-9b65-7c43-0d5f-4d41ace9f16b-C,,1173,department-of-defense,CONT_AWD_W56HZV21F0276_9700_W56HZV21D0018_9700
140412603,36C10B21N0043EHRM,ORCL,25295142.07,,EHRM TEST AUTOMATION SERVICES SUPPORT,DELIVERY ORDER,,,,,,Department of Veterans Affairs,Department of Veterans Affairs,2021-09-27,2025-06-25,9232b26d-789d-bdd2-5a6d-28714f1dfa2c-C,,561,department-of-veterans-affairs,CONT_AWD_36C10B21N0043EHRM_3600_36C10B18D5000_3600
139952231,70RWMD21F00000038,SMI,32897201.0,50423041.0,RADIATION PORTAL MONITORS REPLACEMENT PROGRAM.,DELIVERY ORDER,['Q'],,,,,Department of Homeland Security,Office of Procurement Operations,2021-09-13,2024-09-13,f3261357-004d-9f85-a1b9-c147727004ca-C,,766,department-of-homeland-security,CONT_AWD_70RWMD21F00000038_7001_70RDND18D00000003_7001
140465654,80MSFC21CA017,LMT,50521689.28,50521689.27,"THIS HLS EFFORT FURTHER DEVELOPS SUSTAINING LUNAR LANDER CONCEPT DEVELOPMENT THROUGH DESIGN, TRADE STUDIES AND JOINT WORKING GROUPS AND PERFORM RISK MITIGATION ACTIVITIES TO REDUCE SUSTAINABLE LUNAR LANDER DEVELOPMENT RISKS.",DEFINITIVE CONTRACT,['Q'],,,,,National Aeronautics and Space Administration,National Aeronautics and Space Administration,2021-09-27,2024-08-08,6e7a895c-aa57-8600-2a8a-4e237f6213f6-C,,862,national-aeronautics-and-space-administration,CONT_AWD_80MSFC21CA017_8000_-NONE-_-NONE-
144109413,N0038321F0ZN0,GE,102735278.56,,F414 PBL SUPPORT,DELIVERY ORDER,,,,,,Department of Defense,Department of the Navy,2021-09-01,2021-12-31,66092799-9c72-fde6-e008-9d381191aed2-C,,1173,department-of-defense,CONT_AWD_N0038321F0ZN0_9700_N0038321DZN01_9700
139794071,N0002421C4442,BAESY,109707428.0,81964758.36,USS SAN DIEGO (LPD 22) FY21 DOCKING SELECTED RESTRICTED AVAILABILITY (DSRA),DEFINITIVE CONTRACT,['Q'],,,,,Department of Defense,Department of the Navy,2021-09-13,2023-05-15,e35a8de4-8796-4af3-56c6-9583f780ab11-C,,1173,department-of-defense,CONT_AWD_N0002421C4442_9700_-NONE-_-NONE-
138634906,N6247321F4668,Manson Construction Co is a privately held company and is not publicly traded.,108891970.21,101020153.45,P443 DB CONSTRUCTION PIER 6 REPLACEMENT NBSD,DELIVERY ORDER,['Q'],,,,,Department of Defense,Department of the Navy,2021-04-30,2024-01-19,54aa8711-d13e-9d80-45f0-605318253bc6-C,,1173,department-of-defense,CONT_AWD_N6247321F4668_9700_N6247321D1406_9700
142584801,28321322FA0010025,DELL,40362467.99,40362467.99,THE PURPOSE OF THIS CALL ORDER IS TO PURCHASE MAINTENANCE FOR THE MICROSOFT EA BPA SOFTWARE IN THE BASE YEAR,BPA CALL,['Q'],,,,,Social Security Administration,Social Security Administration,2021-11-04,2022-10-31,d49f36ae-b747-42e3-5257-6787a69e51e9-C,,539,social-security-administration,CONT_AWD_28321322FA0010025_2800_28321322A00040001_2800
134273202,36C24021K1006,MCK,658334795.31,,EXPRESS REPORT: PHARMACEUTICAL PRIME VENDOR (PPV)FY2021 MARCH,DELIVERY ORDER,,,,,,Department of Veterans Affairs,Department of Veterans Affairs,2021-03-01,2021-03-31,b54de748-ee64-a1e6-546e-e7007b054797-C,,561,department-of-veterans-affairs,CONT_AWD_36C24021K1006_3600_36W79720D0001_3600
147230610,36C24022K1002,MCK,585204803.23,,EXPRESS REPORT: PHARMACEUTICAL PRIME VENDOR (PPV)FY2022 NOVEMBER,DELIVERY ORDER,,,,,,Department of Veterans Affairs,Department of Veterans Affairs,2021-11-01,2021-11-30,b54de748-ee64-a1e6-546e-e7007b054797-C,,561,department-of-veterans-affairs,CONT_AWD_36C24022K1002_3600_36W79720D0001_3600
139488514,N0002421C4205,HII,292591163.7,8508238.81,LPD PY CONTRACT AWARD,DEFINITIVE CONTRACT,"['6', 'Q']",,,,,Department of Defense,Department of the Navy,2021-05-28,2028-05-27,1eb5d9d6-aabf-3228-e6ab-79cf9729c9d7-C,,1173.0,department-of-defense,CONT_AWD_N0002421C4205_9700_-NONE-_-NONE-
144691419,HC102821F1170,MSFT,132607833.47,,ARMY CYBER COMMANDS MICROSOFT CONSULTING SERVICES AND MICROSOFT PREMIER SUPPORT,DELIVERY ORDER,['Q'],,,,,Department of Defense,Defense Information Systems Agency,2021-09-30,2025-03-31,dd77b7c3-663e-cb91-229f-5766a50e9b7f-C,,1173,department-of-defense,CONT_AWD_HC102821F1170_9700_HC102817D0001_9700
131800004,W56KGY21F0001,GD,40340975.0,,THIS DELIVERY ORDER IS FOR THE HARDWARE REQUIREMENTS FOR THE PROPHET ENHANCED PROGRAM OF RECORD.,DELIVERY ORDER,,,,,,Department of Defense,Department of the Army,2021-02-02,2022-04-28,f09ed3a7-cbd4-f4d6-046d-eb0780590412-C,,1173,department-of-defense,CONT_AWD_W56KGY21F0001_9700_W56KGY17D0006_9700
147243398,W909MY22F0007,RTN,35567753.9,,DELIVERY ORDER FOR CITV COMPONENTS TO ABRAMS,DELIVERY ORDER,,,,,,Department of Defense,Department of the Army,2021-12-22,2024-01-31,f5a16ae3-dea9-9665-e3ae-4580e21e57fc-C,,1173,department-of-defense,CONT_AWD_W909MY22F0007_9700_W909MY19D0015_9700
139833089,N0003021C0015,LMT,152882130.43,,UK INS PRODUCTION (UK),DEFINITIVE CONTRACT,,,,,,Department of Defense,Defense Contract Management Agency,2021-06-16,2028-02-28,0701db1f-8045-4e60-83f7-5fd066cdf38d-C,,1173,department-of-defense,CONT_AWD_N0003021C0015_9700_-NONE-_-NONE-
139877681,HQ072721F1613,RTN,60294752.0,,TASK ORDER AWARD FOR KU TECHNICAL AND LOGISTICS ANALYSIS AND SYSTEM ENGINEERING ENHANCEMENTS.,DELIVERY ORDER,,,,,,Department of Defense,Defense Microelectronics Activity,2021-06-17,2022-11-30,ac0b9590-0ad8-0854-a7ed-8474dc0b203b-C,,1173,department-of-defense,CONT_AWD_HQ072721F1613_9700_HQ072716D0006_9700
144748780,FA854021F0065,NOC,36656288.4,,LITENING ADVANCED TARGETING PODS,DELIVERY ORDER,,,,,,Department of Defense,Department of the Air Force,2021-09-23,2024-05-31,75dec7b1-56eb-4770-da4b-ac736121ab61-C,,1173,department-of-defense,CONT_AWD_FA854021F0065_9700_FA854019D0001_9700
139174649,1333BJ21F00280054,SAIC,38445813.85,,BUCKET I  FRAMEWORK ID#: 1PT.103 & 1PT.102,DELIVERY ORDER,['Q'],,,,,Department of Commerce,U.S. Patent and Trademark Office,2021-09-01,2024-12-31,20af0683-f17d-1f8f-38ee-2f11bd124559-C,,183,department-of-commerce,CONT_AWD_1333BJ21F00280054_1344_47QTCK18D0001_4732
146261765,N6523622F0029,SAIC,50943536.96,941588.47,HOLDING SLIN FOR CLIN 0001,DELIVERY ORDER,['Q'],,,,,Department of Defense,Department of the Navy,2021-11-19,2023-11-20,20af0683-f17d-1f8f-38ee-2f11bd124559-C,,1173,department-of-defense,CONT_AWD_N6523622F0029_9700_GS00Q14OADU130_4732
137012749,19AQMM21F7299,CGI,32495307.12,18129109.9,BUDGET SYSTEM MODERNIZATION (BSM) INITIATIVE CALL ORDER,BPA CALL,['Q'],,,,,Department of State,Department of State,2021-06-18,2024-08-31,d86df7af-f6c1-a07a-ccc4-ec74331bafc5-C,,315.0,department-of-state,CONT_AWD_19AQMM21F7299_1900_SAQMMA10A0058_1900
144540929,SPRRA121F0113,UTX,29277204.67,,"BLADE, MAIN ROTOR",DELIVERY ORDER,['Q'],,,,,Department of Defense,Defense Logistics Agency,2021-09-20,2023-10-30,d64537c9-5482-dd40-cdd4-5cf07b66329d-C,,1173,department-of-defense,CONT_AWD_SPRRA121F0113_9700_SPE4AX15D9423_9700
